,Time,Barometric pressure (Absolute),Barometric Pressure (Relative),Indoor temperature,Indoor humidity,Outdoor temperature,Outdoor humidity,Dew Point,Heat Index,Wind Chill,Feels Like,Wind Direction,Wind speed,10 min AVG,Wind gust,Rain rate,Hourly rainfall,Daily rainfall,UV index,Light intensity,CH1 temperature,CH1 humidity,CH1 Dew Point,CH1 Heat Index,CH2 temperature,CH2 humidity,CH2 Dew Point,CH2 Heat Index,CH3 temperature,CH3 humidity,CH3 Dew Point,CH3 Heat Index,CH4 temperature,CH4 humidity,CH4 Dew Point,CH4 Heat Index,CH5 temperature,CH5 humidity,CH5 Dew Point,CH5 Heat Index,CH6 temperature,CH6 humidity,CH6 Dew Point,CH6 Heat Index,CH7 temperature,CH7 humidity,CH7 Dew Point,CH7 Heat Index,Last strike,Lightning distance,Lightning hourly count,Lightning total in 5 minutes,Lightning total in 30 minutes,Lightning total in 1 hour,Lightning total in 1 day,Water Leakage CH1,Water Leakage CH2,Water Leakage CH3,Water Leakage CH4,Water Leakage CH5,Water Leakage CH6,Water Leakage CH7,CO CH1,CO Sensor battery CH1,PM2.5 CH1,PM10 CH1,PM sensor CH1 battery,PM sensor CH1 connect,PM 2.5 CH1 AQI,PM 10 CH1 AQI,PM2.5 CH2,PM10 CH2,PM sensor CH2 battery,PM sensor CH2 connect,PM 2.5 CH2 AQI,PM 10 CH2 AQI,PM2.5 CH3,PM10 CH3,PM sensor CH3 battery,PM sensor CH3 connect,PM 2.5 CH3 AQI,PM 10 CH3 AQI,PM2.5 CH4,PM10 CH4,PM sensor CH4 battery,PM sensor CH4 connect,PM 2.5 CH4 AQI,PM 10 CH4 AQI,HCHO,HCHO+VOC Sensor battery,CO₂,CO₂ Sensor Battery
1,"Wednesday, April 19, 2023 12:00 PM EDT",1021,1015,76.8,52,78.8,47,56.9,79.6,78.8,78.8,60,3.6,3.6,3.8,0,0,0,4,436.24,32,0,32,32,32,0,32,32,32,0,32,32,32,0,32,32,32,0,32,32,32,0,32,32,32,0,32,32,0,0,0,0,0,0,0,0,0,0,0,0,0,0,0,0,0,0,0,0,0,0,0,0,0,0,0,0,0,0,0,0,0,0,0,0,0,0,0,0,0,0,0,0
2,"Wednesday, April 19, 2023 12:05 PM EDT",1021,1015,77,52,79,47,57.1,79.7,79,79.7,150,5.4,5.4,6,0,0,0,5,490.28,32,0,32,32,32,0,32,32,32,0,32,32,32,0,32,32,32,0,32,32,32,0,32,32,32,0,32,32,0,0,0,0,0,0,0,0,0,0,0,0,0,0,0,0,0,0,0,0,0,0,0,0,0,0,0,0,0,0,0,0,0,0,0,0,0,0,0,0,0,0,0,0
3,"Wednesday, April 19, 2023 12:10 PM EDT",1021,1015,77.2,52,78.8,45,55.7,79.5,78.8,78.8,30,2,2,2,0,0,0,6,577.42,32,0,32,32,32,0,32,32,32,0,32,32,32,0,32,32,32,0,32,32,32,0,32,32,32,0,32,32,0,0,0,0,0,0,0,0,0,0,0,0,0,0,0,0,0,0,0,0,0,0,0,0,0,0,0,0,0,0,0,0,0,0,0,0,0,0,0,0,0,0,0,0
4,"Wednesday, April 19, 2023 12:15 PM EDT",1021,1015,77,50,79.7,45,56.5,80.1,79.7,80.1,36,4.7,4.7,5.1,0,0,0,10,882.6,32,0,32,32,32,0,32,32,32,0,32,32,32,0,32,32,32,0,32,32,32,0,32,32,32,0,32,32,0,0,0,0,0,0,0,0,0,0,0,0,0,0,0,0,0,0,0,0,0,0,0,0,0,0,0,0,0,0,0,0,0,0,0,0,0,0,0,0,0,0,0,0
5,"Wednesday, April 19, 2023 12:20 PM EDT",1021,1015,76.3,51,79.3,46,56.8,79.9,79.3,79.9,54,2.5,2.5,2.5,0,0,0,10,860.08,32,0,32,32,32,0,32,32,32,0,32,32,32,0,32,32,32,0,32,32,32,0,32,32,32,0,32,32,0,0,0,0,0,0,0,0,0,0,0,0,0,0,0,0,0,0,0,0,0,0,0,0,0,0,0,0,0,0,0,0,0,0,0,0,0,0,0,0,0,0,0,0
6,"Wednesday, April 19, 2023 12:25 PM EDT",1021,1015,76.3,51,79.7,45,56.5,80.1,79.7,80.1,42,2.5,2.5,2.5,0,0,0,6,533.25,32,0,32,32,32,0,32,32,32,0,32,32,32,0,32,32,32,0,32,32,32,0,32,32,32,0,32,32,0,0,0,0,0,0,0,0,0,0,0,0,0,0,0,0,0,0,0,0,0,0,0,0,0,0,0,0,0,0,0,0,0,0,0,0,0,0,0,0,0,0,0,0
7,"Wednesday, April 19, 2023 12:30 PM EDT",1021,1015,76.6,51,79.3,48,58,80.1,79.3,80.1,84,6.9,6.9,8.1,0,0,0,7,615.97,32,0,32,32,32,0,32,32,32,0,32,32,32,0,32,32,32,0,32,32,32,0,32,32,32,0,32,32,0,0,0,0,0,0,0,0,0,0,0,0,0,0,0,0,0,0,0,0,0,0,0,0,0,0,0,0,0,0,0,0,0,0,0,0,0,0,0,0,0,0,0,0
8,"Wednesday, April 19, 2023 12:35 PM EDT",1021,1015,77,51,79,46,56.5,79.7,79,79.7,162,3.4,3.4,3.8,0,0,0,11,1011.21,32,0,32,32,32,0,32,32,32,0,32,32,32,0,32,32,32,0,32,32,32,0,32,32,32,0,32,32,0,0,0,0,0,0,0,0,0,0,0,0,0,0,0,0,0,0,0,0,0,0,0,0,0,0,0,0,0,0,0,0,0,0,0,0,0,0,0,0,0,0,0,0
9,"Wednesday, April 19, 2023 12:40 PM EDT",1021,1015,76.8,51,80.1,47,58,80.6,80.1,80.6,24,3.1,3.1,3.1,0,0,0,6,574.57,32,0,32,32,32,0,32,32,32,0,32,32,32,0,32,32,32,0,32,32,32,0,32,32,32,0,32,32,0,0,0,0,0,0,0,0,0,0,0,0,0,0,0,0,0,0,0,0,0,0,0,0,0,0,0,0,0,0,0,0,0,0,0,0,0,0,0,0,0,0,0,0
10,"Wednesday, April 19, 2023 12:45 PM EDT",1020,1015,76.1,50,80.8,45,57.5,81,80.8,81,102,2.7,2.7,2.7,0,0,0,9,820.27,32,0,32,32,32,0,32,32,32,0,32,32,32,0,32,32,32,0,32,32,32,0,32,32,32,0,32,32,0,0,0,0,0,0,0,0,0,0,0,0,0,0,0,0,0,0,0,0,0,0,0,0,0,0,0,0,0,0,0,0,0,0,0,0,0,0,0,0,0,0,0,0
11,"Wednesday, April 19, 2023 12:50 PM EDT",1020,1015,76.1,51,80.8,46,58.1,81.1,80.8,81.1,54,2.2,2.2,2.2,0,0,0,7,593.61,32,0,32,32,32,0,32,32,32,0,32,32,32,0,32,32,32,0,32,32,32,0,32,32,32,0,32,32,0,0,0,0,0,0,0,0,0,0,0,0,0,0,0,0,0,0,0,0,0,0,0,0,0,0,0,0,0,0,0,0,0,0,0,0,0,0,0,0,0,0,0,0
12,"Wednesday, April 19, 2023 12:55 PM EDT",1020,1015,76.5,51,81.3,45,58,81.4,81.3,81.4,102,2,2,2,0,0,0,8,738.18,32,0,32,32,32,0,32,32,32,0,32,32,32,0,32,32,32,0,32,32,32,0,32,32,32,0,32,32,0,0,0,0,0,0,0,0,0,0,0,0,0,0,0,0,0,0,0,0,0,0,0,0,0,0,0,0,0,0,0,0,0,0,0,0,0,0,0,0,0,0,0,0
13,"Wednesday, April 19, 2023 1:00 PM EDT",1020,1015,76.8,51,81.7,43,57,81.5,81.7,81.5,36,2.2,2.2,2.2,0,0,0,10,978.66,32,0,32,32,32,0,32,32,32,0,32,32,32,0,32,32,32,0,32,32,32,0,32,32,32,0,32,32,0,0,0,0,0,0,0,0,0,0,0,0,0,0,0,0,0,0,0,0,0,0,0,0,0,0,0,0,0,0,0,0,0,0,0,0,0,0,0,0,0,0,0,0
14,"Wednesday, April 19, 2023 1:05 PM EDT",1020,1015,76.3,50,79.7,48,58.3,80.4,79.7,80.4,42,3.1,3.1,3.6,0,0,0,8,741.19,32,0,32,32,32,0,32,32,32,0,32,32,32,0,32,32,32,0,32,32,32,0,32,32,32,0,32,32,0,0,0,0,0,0,0,0,0,0,0,0,0,0,0,0,0,0,0,0,0,0,0,0,0,0,0,0,0,0,0,0,0,0,0,0,0,0,0,0,0,0,0,0
15,"Wednesday, April 19, 2023 1:10 PM EDT",1020,1015,75.9,51,79.9,48,58.5,80.5,79.9,80.5,174,2,2,2,0,0,0,4,455.04,32,0,32,32,32,0,32,32,32,0,32,32,32,0,32,32,32,0,32,32,32,0,32,32,32,0,32,32,0,0,0,0,0,0,0,0,0,0,0,0,0,0,0,0,0,0,0,0,0,0,0,0,0,0,0,0,0,0,0,0,0,0,0,0,0,0,0,0,0,0,0,0
16,"Wednesday, April 19, 2023 1:15 PM EDT",1020,1015,76.1,50,79.7,49,58.9,80.5,79.7,80.5,42,2.7,2.7,2.7,0,0,0,5,460.02,32,0,32,32,32,0,32,32,32,0,32,32,32,0,32,32,32,0,32,32,32,0,32,32,32,0,32,32,0,0,0,0,0,0,0,0,0,0,0,0,0,0,0,0,0,0,0,0,0,0,0,0,0,0,0,0,0,0,0,0,0,0,0,0,0,0,0,0,0,0,0,0
17,"Wednesday, April 19, 2023 1:20 PM EDT",1020,1014,76.3,51,79.3,48,58,80.1,79.3,80.1,72,4.5,4.5,4.9,0,0,0,6,582.08,32,0,32,32,32,0,32,32,32,0,32,32,32,0,32,32,32,0,32,32,32,0,32,32,32,0,32,32,0,0,0,0,0,0,0,0,0,0,0,0,0,0,0,0,0,0,0,0,0,0,0,0,0,0,0,0,0,0,0,0,0,0,0,0,0,0,0,0,0,0,0,0
18,"Wednesday, April 19, 2023 1:25 PM EDT",1020,1015,76.5,51,79.7,47,57.7,80.3,79.7,80.3,24,3.6,3.6,3.8,0,0,0,6,612.65,32,0,32,32,32,0,32,32,32,0,32,32,32,0,32,32,32,0,32,32,32,0,32,32,32,0,32,32,0,0,0,0,0,0,0,0,0,0,0,0,0,0,0,0,0,0,0,0,0,0,0,0,0,0,0,0,0,0,0,0,0,0,0,0,0,0,0,0,0,0,0,0
19,"Wednesday, April 19, 2023 1:30 PM EDT",1020,1015,76.1,50,78.8,48,57.5,79.7,78.8,78.8,22,4.5,4.5,4.7,0,0,0,5,466.5,32,0,32,32,32,0,32,32,32,0,32,32,32,0,32,32,32,0,32,32,32,0,32,32,32,0,32,32,0,0,0,0,0,0,0,0,0,0,0,0,0,0,0,0,0,0,0,0,0,0,0,0,0,0,0,0,0,0,0,0,0,0,0,0,0,0,0,0,0,0,0,0
20,"Wednesday, April 19, 2023 1:35 PM EDT",1020,1015,75.7,50,79.2,47,57.2,79.9,79.2,79.9,43,3.8,3.8,4.3,0,0,0,6,534.04,32,0,32,32,32,0,32,32,32,0,32,32,32,0,32,32,32,0,32,32,32,0,32,32,32,0,32,32,0,0,0,0,0,0,0,0,0,0,0,0,0,0,0,0,0,0,0,0,0,0,0,0,0,0,0,0,0,0,0,0,0,0,0,0,0,0,0,0,0,0,0,0
21,"Wednesday, April 19, 2023 1:40 PM EDT",1020,1015,75.9,50,79.3,46,56.8,79.9,79.3,79.9,48,2.7,2.7,2.7,0,0,0,6,566.99,32,0,32,32,32,0,32,32,32,0,32,32,32,0,32,32,32,0,32,32,32,0,32,32,32,0,32,32,0,0,0,0,0,0,0,0,0,0,0,0,0,0,0,0,0,0,0,0,0,0,0,0,0,0,0,0,0,0,0,0,0,0,0,0,0,0,0,0,0,0,0,0
22,"Wednesday, April 19, 2023 1:45 PM EDT",1020,1015,76.1,50,79.7,45,56.5,80.1,79.7,80.1,36,3.1,3.1,3.1,0,0,0,9,804.94,32,0,32,32,32,0,32,32,32,0,32,32,32,0,32,32,32,0,32,32,32,0,32,32,32,0,32,32,0,0,0,0,0,0,0,0,0,0,0,0,0,0,0,0,0,0,0,0,0,0,0,0,0,0,0,0,0,0,0,0,0,0,0,0,0,0,0,0,0,0,0,0
23,"Wednesday, April 19, 2023 1:50 PM EDT",1020,1014,76.5,50,79.9,45,56.7,80.3,79.9,80.3,28,2.5,2.5,2.5,0,0,0,8,729.49,32,0,32,32,32,0,32,32,32,0,32,32,32,0,32,32,32,0,32,32,32,0,32,32,32,0,32,32,0,0,0,0,0,0,0,0,0,0,0,0,0,0,0,0,0,0,0,0,0,0,0,0,0,0,0,0,0,0,0,0,0,0,0,0,0,0,0,0,0,0,0,0
24,"Wednesday, April 19, 2023 1:55 PM EDT",1020,1014,76.5,49,80.4,44,56.5,80.6,80.4,80.6,138,6.5,6.5,6.7,0,0,0,8,683.59,32,0,32,32,32,0,32,32,32,0,32,32,32,0,32,32,32,0,32,32,32,0,32,32,32,0,32,32,0,0,0,0,0,0,0,0,0,0,0,0,0,0,0,0,0,0,0,0,0,0,0,0,0,0,0,0,0,0,0,0,0,0,0,0,0,0,0,0,0,0,0,0
25,"Wednesday, April 19, 2023 2:00 PM EDT",1020,1014,75.7,49,79.9,46,57.3,80.3,79.9,80.3,72,2,2,2,0,0,0,7,658.39,32,0,32,32,32,0,32,32,32,0,32,32,32,0,32,32,32,0,32,32,32,0,32,32,32,0,32,32,0,0,0,0,0,0,0,0,0,0,0,0,0,0,0,0,0,0,0,0,0,0,0,0,0,0,0,0,0,0,0,0,0,0,0,0,0,0,0,0,0,0,0,0
26,"Wednesday, April 19, 2023 2:05 PM EDT",1020,1014,75.7,49,79,47,57.1,79.7,79,79.7,60,2.7,2.7,2.7,0,0,0,6,622.68,32,0,32,32,32,0,32,32,32,0,32,32,32,0,32,32,32,0,32,32,32,0,32,32,32,0,32,32,0,0,0,0,0,0,0,0,0,0,0,0,0,0,0,0,0,0,0,0,0,0,0,0,0,0,0,0,0,0,0,0,0,0,0,0,0,0,0,0,0,0,0,0
27,"Wednesday, April 19, 2023 2:10 PM EDT",1020,1014,76.1,50,79,47,57.1,79.7,79,79.7,108,8.3,8.3,10.7,0,0,0,6,621.82,32,0,32,32,32,0,32,32,32,0,32,32,32,0,32,32,32,0,32,32,32,0,32,32,32,0,32,32,0,0,0,0,0,0,0,0,0,0,0,0,0,0,0,0,0,0,0,0,0,0,0,0,0,0,0,0,0,0,0,0,0,0,0,0,0,0,0,0,0,0,0,0
28,"Wednesday, April 19, 2023 2:15 PM EDT",1020,1014,76.3,50,79.5,48,58.1,80.2,79.5,80.2,36,2,2,2,0,0,0,4,434.34,32,0,32,32,32,0,32,32,32,0,32,32,32,0,32,32,32,0,32,32,32,0,32,32,32,0,32,32,0,0,0,0,0,0,0,0,0,0,0,0,0,0,0,0,0,0,0,0,0,0,0,0,0,0,0,0,0,0,0,0,0,0,0,0,0,0,0,0,0,0,0,0
29,"Wednesday, April 19, 2023 2:20 PM EDT",1020,1014,76.5,50,79.3,46,56.8,79.9,79.3,79.9,72,6.3,6.3,6.3,0,0,0,6,576.55,32,0,32,32,32,0,32,32,32,0,32,32,32,0,32,32,32,0,32,32,32,0,32,32,32,0,32,32,0,0,0,0,0,0,0,0,0,0,0,0,0,0,0,0,0,0,0,0,0,0,0,0,0,0,0,0,0,0,0,0,0,0,0,0,0,0,0,0,0,0,0,0
30,"Wednesday, April 19, 2023 2:25 PM EDT",1020,1014,75.7,48,79.2,48,57.8,79.9,79.2,79.9,24,5.6,5.6,6,0,0,0,5,424.47,32,0,32,32,32,0,32,32,32,0,32,32,32,0,32,32,32,0,32,32,32,0,32,32,32,0,32,32,0,0,0,0,0,0,0,0,0,0,0,0,0,0,0,0,0,0,0,0,0,0,0,0,0,0,0,0,0,0,0,0,0,0,0,0,0,0,0,0,0,0,0,0
31,"Wednesday, April 19, 2023 2:30 PM EDT",1020,1014,75.6,49,79,49,58.2,79.9,79,79.9,17,2,2,2,0,0,0,4,431.34,32,0,32,32,32,0,32,32,32,0,32,32,32,0,32,32,32,0,32,32,32,0,32,32,32,0,32,32,0,0,0,0,0,0,0,0,0,0,0,0,0,0,0,0,0,0,0,0,0,0,0,0,0,0,0,0,0,0,0,0,0,0,0,0,0,0,0,0,0,0,0,0
32,"Wednesday, April 19, 2023 2:35 PM EDT",1020,1014,75.7,49,79.3,48,58,80.1,79.3,80.1,36,3.1,3.1,3.1,0,0,0,8,798.23,32,0,32,32,32,0,32,32,32,0,32,32,32,0,32,32,32,0,32,32,32,0,32,32,32,0,32,32,0,0,0,0,0,0,0,0,0,0,0,0,0,0,0,0,0,0,0,0,0,0,0,0,0,0,0,0,0,0,0,0,0,0,0,0,0,0,0,0,0,0,0,0
33,"Wednesday, April 19, 2023 2:40 PM EDT",1020,1014,76.1,49,79.2,47,57.2,79.9,79.2,79.9,54,3.8,3.8,4.3,0,0,0,10,1054.19,32,0,32,32,32,0,32,32,32,0,32,32,32,0,32,32,32,0,32,32,32,0,32,32,32,0,32,32,0,0,0,0,0,0,0,0,0,0,0,0,0,0,0,0,0,0,0,0,0,0,0,0,0,0,0,0,0,0,0,0,0,0,0,0,0,0,0,0,0,0,0,0
34,"Wednesday, April 19, 2023 2:45 PM EDT",1020,1014,76.3,49,79.7,48,58.3,80.4,79.7,80.4,108,4.5,4.5,4.7,0,0,0,6,523.62,32,0,32,32,32,0,32,32,32,0,32,32,32,0,32,32,32,0,32,32,32,0,32,32,32,0,32,32,0,0,0,0,0,0,0,0,0,0,0,0,0,0,0,0,0,0,0,0,0,0,0,0,0,0,0,0,0,0,0,0,0,0,0,0,0,0,0,0,0,0,0,0
35,"Wednesday, April 19, 2023 2:50 PM EDT",1020,1014,75.7,48,79.5,48,58.1,80.2,79.5,80.2,102,3.1,3.1,3.6,0,0,0,6,527.88,32,0,32,32,32,0,32,32,32,0,32,32,32,0,32,32,32,0,32,32,32,0,32,32,32,0,32,32,0,0,0,0,0,0,0,0,0,0,0,0,0,0,0,0,0,0,0,0,0,0,0,0,0,0,0,0,0,0,0,0,0,0,0,0,0,0,0,0,0,0,0,0
36,"Wednesday, April 19, 2023 2:55 PM EDT",1020,1014,75.4,49,79.3,45,56.2,79.9,79.3,79.9,78,1.3,1.3,1.3,0,0,0,9,1088,32,0,32,32,32,0,32,32,32,0,32,32,32,0,32,32,32,0,32,32,32,0,32,32,32,0,32,32,0,0,0,0,0,0,0,0,0,0,0,0,0,0,0,0,0,0,0,0,0,0,0,0,0,0,0,0,0,0,0,0,0,0,0,0,0,0,0,0,0,0,0,0
37,"Wednesday, April 19, 2023 3:00 PM EDT",1020,1014,75.9,49,80.8,45,57.5,81,80.8,81,60,1.8,1.8,1.8,0,0,0,5,455.36,32,0,32,32,32,0,32,32,32,0,32,32,32,0,32,32,32,0,32,32,32,0,32,32,32,0,32,32,0,0,0,0,0,0,0,0,0,0,0,0,0,0,0,0,0,0,0,0,0,0,0,0,0,0,0,0,0,0,0,0,0,0,0,0,0,0,0,0,0,0,0,0
38,"Wednesday, April 19, 2023 3:05 PM EDT",1020,1014,76.1,49,82,45,58.6,82.1,82,82.1,96,3.4,3.4,3.6,0,0,0,4,343.65,32,0,32,32,32,0,32,32,32,0,32,32,32,0,32,32,32,0,32,32,32,0,32,32,32,0,32,32,0,0,0,0,0,0,0,0,0,0,0,0,0,0,0,0,0,0,0,0,0,0,0,0,0,0,0,0,0,0,0,0,0,0,0,0,0,0,0,0,0,0,0,0
39,"Wednesday, April 19, 2023 3:10 PM EDT",1020,1014,76.1,49,79.2,47,57.2,79.9,79.2,79.9,0,4,4,4.5,0,0,0,7,701.61,32,0,32,32,32,0,32,32,32,0,32,32,32,0,32,32,32,0,32,32,32,0,32,32,32,0,32,32,0,0,0,0,0,0,0,0,0,0,0,0,0,0,0,0,0,0,0,0,0,0,0,0,0,0,0,0,0,0,0,0,0,0,0,0,0,0,0,0,0,0,0,0
40,"Wednesday, April 19, 2023 3:15 PM EDT",1020,1014,75.4,48,79.7,44,55.9,80,79.7,80,54,3.4,3.4,3.8,0,0,0,9,845.23,32,0,32,32,32,0,32,32,32,0,32,32,32,0,32,32,32,0,32,32,32,0,32,32,32,0,32,32,0,0,0,0,0,0,0,0,0,0,0,0,0,0,0,0,0,0,0,0,0,0,0,0,0,0,0,0,0,0,0,0,0,0,0,0,0,0,0,0,0,0,0,0
41,"Wednesday, April 19, 2023 3:20 PM EDT",1020,1014,75.6,49,81,44,57,81,81,81,156,3.8,3.8,4.3,0,0,0,5,467.6,32,0,32,32,32,0,32,32,32,0,32,32,32,0,32,32,32,0,32,32,32,0,32,32,32,0,32,32,0,0,0,0,0,0,0,0,0,0,0,0,0,0,0,0,0,0,0,0,0,0,0,0,0,0,0,0,0,0,0,0,0,0,0,0,0,0,0,0,0,0,0,0
42,"Wednesday, April 19, 2023 3:25 PM EDT",1020,1014,75.9,49,80.1,46,57.4,80.5,80.1,80.5,54,4.5,4.5,4.9,0,0,0,6,786.38,32,0,32,32,32,0,32,32,32,0,32,32,32,0,32,32,32,0,32,32,32,0,32,32,32,0,32,32,0,0,0,0,0,0,0,0,0,0,0,0,0,0,0,0,0,0,0,0,0,0,0,0,0,0,0,0,0,0,0,0,0,0,0,0,0,0,0,0,0,0,0,0
43,"Wednesday, April 19, 2023 3:30 PM EDT",1019,1013,76.1,49,79.9,45,56.7,80.3,79.9,80.3,184,3.8,3.8,4.3,0,0,0,8,991.86,32,0,32,32,32,0,32,32,32,0,32,32,32,0,32,32,32,0,32,32,32,0,32,32,32,0,32,32,0,0,0,0,0,0,0,0,0,0,0,0,0,0,0,0,0,0,0,0,0,0,0,0,0,0,0,0,0,0,0,0,0,0,0,0,0,0,0,0,0,0,0,0
44,"Wednesday, April 19, 2023 3:35 PM EDT",1019,1014,75.7,48,81.1,43,56.5,81.1,81.1,81.1,48,3.1,3.1,3.6,0,0,0,6,904.17,32,0,32,32,32,0,32,32,32,0,32,32,32,0,32,32,32,0,32,32,32,0,32,32,32,0,32,32,0,0,0,0,0,0,0,0,0,0,0,0,0,0,0,0,0,0,0,0,0,0,0,0,0,0,0,0,0,0,0,0,0,0,0,0,0,0,0,0,0,0,0,0
45,"Wednesday, April 19, 2023 3:40 PM EDT",1019,1013,75.4,48,80.4,45,57.2,80.7,80.4,80.7,96,1.6,1.6,1.6,0,0,0,8,867.83,32,0,32,32,32,0,32,32,32,0,32,32,32,0,32,32,32,0,32,32,32,0,32,32,32,0,32,32,0,0,0,0,0,0,0,0,0,0,0,0,0,0,0,0,0,0,0,0,0,0,0,0,0,0,0,0,0,0,0,0,0,0,0,0,0,0,0,0,0,0,0,0
46,"Wednesday, April 19, 2023 3:45 PM EDT",1019,1013,75.6,48,81.5,41,55.6,81.1,81.5,81.1,42,1.3,1.3,1.3,0,0,0,8,845.39,32,0,32,32,32,0,32,32,32,0,32,32,32,0,32,32,32,0,32,32,32,0,32,32,32,0,32,32,0,0,0,0,0,0,0,0,0,0,0,0,0,0,0,0,0,0,0,0,0,0,0,0,0,0,0,0,0,0,0,0,0,0,0,0,0,0,0,0,0,0,0,0
47,"Wednesday, April 19, 2023 3:50 PM EDT",1019,1013,75.9,48,81,44,57,81,81,81,96,6,6,6,0,0,0,7,801.94,32,0,32,32,32,0,32,32,32,0,32,32,32,0,32,32,32,0,32,32,32,0,32,32,32,0,32,32,0,0,0,0,0,0,0,0,0,0,0,0,0,0,0,0,0,0,0,0,0,0,0,0,0,0,0,0,0,0,0,0,0,0,0,0,0,0,0,0,0,0,0,0
48,"Wednesday, April 19, 2023 3:55 PM EDT",1019,1013,75.9,48,81.3,43,56.7,81.2,81.3,81.2,54,4.9,4.9,5.4,0,0,0,7,785.03,32,0,32,32,32,0,32,32,32,0,32,32,32,0,32,32,32,0,32,32,32,0,32,32,32,0,32,32,0,0,0,0,0,0,0,0,0,0,0,0,0,0,0,0,0,0,0,0,0,0,0,0,0,0,0,0,0,0,0,0,0,0,0,0,0,0,0,0,0,0,0,0
49,"Wednesday, April 19, 2023 4:00 PM EDT",1019,1013,75.4,48,80.2,44,56.4,80.4,80.2,80.4,144,4.7,4.7,5.1,0,0,0,5,771.05,32,0,32,32,32,0,32,32,32,0,32,32,32,0,32,32,32,0,32,32,32,0,32,32,32,0,32,32,0,0,0,0,0,0,0,0,0,0,0,0,0,0,0,0,0,0,0,0,0,0,0,0,0,0,0,0,0,0,0,0,0,0,0,0,0,0,0,0,0,0,0,0
50,"Wednesday, April 19, 2023 4:05 PM EDT",1019,1013,75.6,48,80.1,45,56.8,80.4,80.1,80.4,18,3.4,3.4,3.8,0,0,0,7,755.72,32,0,32,32,32,0,32,32,32,0,32,32,32,0,32,32,32,0,32,32,32,0,32,32,32,0,32,32,0,0,0,0,0,0,0,0,0,0,0,0,0,0,0,0,0,0,0,0,0,0,0,0,0,0,0,0,0,0,0,0,0,0,0,0,0,0,0,0,0,0,0,0
51,"Wednesday, April 19, 2023 4:10 PM EDT",1019,1013,75.9,48,80.1,45,56.8,80.4,80.1,80.4,49,3.1,3.1,3.6,0,0,0,6,741.42,32,0,32,32,32,0,32,32,32,0,32,32,32,0,32,32,32,0,32,32,32,0,32,32,32,0,32,32,0,0,0,0,0,0,0,0,0,0,0,0,0,0,0,0,0,0,0,0,0,0,0,0,0,0,0,0,0,0,0,0,0,0,0,0,0,0,0,0,0,0,0,0
52,"Wednesday, April 19, 2023 4:15 PM EDT",1019,1013,75.9,48,79.5,45,56.3,80,79.5,80,343,1.8,1.8,1.8,0,0,0,8,714.17,32,0,32,32,32,0,32,32,32,0,32,32,32,0,32,32,32,0,32,32,32,0,32,32,32,0,32,32,0,0,0,0,0,0,0,0,0,0,0,0,0,0,0,0,0,0,0,0,0,0,0,0,0,0,0,0,0,0,0,0,0,0,0,0,0,0,0,0,0,0,0,0
53,"Wednesday, April 19, 2023 4:20 PM EDT",1019,1013,75.2,48,79.3,45,56.2,79.9,79.3,79.9,108,3.6,3.6,3.8,0,0,0,8,705,32,0,32,32,32,0,32,32,32,0,32,32,32,0,32,32,32,0,32,32,32,0,32,32,32,0,32,32,0,0,0,0,0,0,0,0,0,0,0,0,0,0,0,0,0,0,0,0,0,0,0,0,0,0,0,0,0,0,0,0,0,0,0,0,0,0,0,0,0,0,0,0
54,"Wednesday, April 19, 2023 4:25 PM EDT",1019,1013,75.2,48,79.7,46,57.1,80.2,79.7,80.2,78,2.7,2.7,2.7,0,0,0,6,632.24,32,0,32,32,32,0,32,32,32,0,32,32,32,0,32,32,32,0,32,32,32,0,32,32,32,0,32,32,0,0,0,0,0,0,0,0,0,0,0,0,0,0,0,0,0,0,0,0,0,0,0,0,0,0,0,0,0,0,0,0,0,0,0,0,0,0,0,0,0,0,0,0
55,"Wednesday, April 19, 2023 4:30 PM EDT",1019,1013,75.6,48,79.9,46,57.3,80.3,79.9,80.3,96,4.5,4.5,4.9,0,0,0,7,727.6,32,0,32,32,32,0,32,32,32,0,32,32,32,0,32,32,32,0,32,32,32,0,32,32,32,0,32,32,0,0,0,0,0,0,0,0,0,0,0,0,0,0,0,0,0,0,0,0,0,0,0,0,0,0,0,0,0,0,0,0,0,0,0,0,0,0,0,0,0,0,0,0
56,"Wednesday, April 19, 2023 4:35 PM EDT",1019,1013,75.9,48,80.6,45,57.3,80.8,80.6,80.8,132,1.6,1.6,1.6,0,0,0,2,290.09,32,0,32,32,32,0,32,32,32,0,32,32,32,0,32,32,32,0,32,32,32,0,32,32,32,0,32,32,0,0,0,0,0,0,0,0,0,0,0,0,0,0,0,0,0,0,0,0,0,0,0,0,0,0,0,0,0,0,0,0,0,0,0,0,0,0,0,0,0,0,0,0
57,"Wednesday, April 19, 2023 4:40 PM EDT",1019,1013,75.4,47,79.5,47,57.5,80.1,79.5,80.1,348,2,2,2,0,0,0,3,327.46,32,0,32,32,32,0,32,32,32,0,32,32,32,0,32,32,32,0,32,32,32,0,32,32,32,0,32,32,0,0,0,0,0,0,0,0,0,0,0,0,0,0,0,0,0,0,0,0,0,0,0,0,0,0,0,0,0,0,0,0,0,0,0,0,0,0,0,0,0,0,0,0
58,"Wednesday, April 19, 2023 4:45 PM EDT",1019,1013,75.2,47,79.9,47,57.9,80.4,79.9,80.4,36,2.9,2.9,2.9,0,0,0,4,589.58,32,0,32,32,32,0,32,32,32,0,32,32,32,0,32,32,32,0,32,32,32,0,32,32,32,0,32,32,0,0,0,0,0,0,0,0,0,0,0,0,0,0,0,0,0,0,0,0,0,0,0,0,0,0,0,0,0,0,0,0,0,0,0,0,0,0,0,0,0,0,0,0
59,"Wednesday, April 19, 2023 4:50 PM EDT",1019,1013,75.4,47,78.6,48,57.3,79.6,78.6,78.6,42,1.6,1.6,1.6,0,0,0,3,467.37,32,0,32,32,32,0,32,32,32,0,32,32,32,0,32,32,32,0,32,32,32,0,32,32,32,0,32,32,0,0,0,0,0,0,0,0,0,0,0,0,0,0,0,0,0,0,0,0,0,0,0,0,0,0,0,0,0,0,0,0,0,0,0,0,0,0,0,0,0,0,0,0
60,"Wednesday, April 19, 2023 4:55 PM EDT",1019,1013,75.9,48,79.9,47,57.9,80.4,79.9,80.4,24,2,2,2,0,0,0,6,585.24,32,0,32,32,32,0,32,32,32,0,32,32,32,0,32,32,32,0,32,32,32,0,32,32,32,0,32,32,0,0,0,0,0,0,0,0,0,0,0,0,0,0,0,0,0,0,0,0,0,0,0,0,0,0,0,0,0,0,0,0,0,0,0,0,0,0,0,0,0,0,0,0
61,"Wednesday, April 19, 2023 5:00 PM EDT",1019,1013,75.6,47,80.4,45,57.2,80.7,80.4,80.7,42,2.5,2.5,2.5,0,0,0,5,603.41,32,0,32,32,32,0,32,32,32,0,32,32,32,0,32,32,32,0,32,32,32,0,32,32,32,0,32,32,0,0,0,0,0,0,0,0,0,0,0,0,0,0,0,0,0,0,0,0,0,0,0,0,0,0,0,0,0,0,0,0,0,0,0,0,0,0,0,0,0,0,0,0
62,"Wednesday, April 19, 2023 5:05 PM EDT",1019,1013,75,47,79.7,46,57.1,80.2,79.7,80.2,54,4.9,4.9,5.4,0,0,0,2,452.52,32,0,32,32,32,0,32,32,32,0,32,32,32,0,32,32,32,0,32,32,32,0,32,32,32,0,32,32,0,0,0,0,0,0,0,0,0,0,0,0,0,0,0,0,0,0,0,0,0,0,0,0,0,0,0,0,0,0,0,0,0,0,0,0,0,0,0,0,0,0,0,0
63,"Wednesday, April 19, 2023 5:10 PM EDT",1019,1013,75.2,47,79.7,46,57.1,80.2,79.7,80.2,66,2.9,2.9,2.9,0,0,0,2,275.63,32,0,32,32,32,0,32,32,32,0,32,32,32,0,32,32,32,0,32,32,32,0,32,32,32,0,32,32,0,0,0,0,0,0,0,0,0,0,0,0,0,0,0,0,0,0,0,0,0,0,0,0,0,0,0,0,0,0,0,0,0,0,0,0,0,0,0,0,0,0,0,0
64,"Wednesday, April 19, 2023 5:15 PM EDT",1019,1013,75.7,47,79.2,46,56.6,79.8,79.2,79.8,29,5.4,5.4,5.8,0,0,0,2,284.24,32,0,32,32,32,0,32,32,32,0,32,32,32,0,32,32,32,0,32,32,32,0,32,32,32,0,32,32,0,0,0,0,0,0,0,0,0,0,0,0,0,0,0,0,0,0,0,0,0,0,0,0,0,0,0,0,0,0,0,0,0,0,0,0,0,0,0,0,0,0,0,0
65,"Wednesday, April 19, 2023 5:20 PM EDT",1019,1013,75.9,47,78.6,47,56.7,79.5,78.6,78.6,132,2,2,2,0,0,0,2,231.31,32,0,32,32,32,0,32,32,32,0,32,32,32,0,32,32,32,0,32,32,32,0,32,32,32,0,32,32,0,0,0,0,0,0,0,0,0,0,0,0,0,0,0,0,0,0,0,0,0,0,0,0,0,0,0,0,0,0,0,0,0,0,0,0,0,0,0,0,0,0,0,0
66,"Wednesday, April 19, 2023 5:25 PM EDT",1019,1013,75.2,45,78.4,48,57.1,79.4,78.4,78.4,162,2.2,2.2,2.2,0,0,0,2,247.82,32,0,32,32,32,0,32,32,32,0,32,32,32,0,32,32,32,0,32,32,32,0,32,32,32,0,32,32,0,0,0,0,0,0,0,0,0,0,0,0,0,0,0,0,0,0,0,0,0,0,0,0,0,0,0,0,0,0,0,0,0,0,0,0,0,0,0,0,0,0,0,0
67,"Wednesday, April 19, 2023 5:30 PM EDT",1019,1013,75,47,78.3,49,57.6,79.4,78.3,78.3,108,2,2,2,0,0,0,3,427,32,0,32,32,32,0,32,32,32,0,32,32,32,0,32,32,32,0,32,32,32,0,32,32,32,0,32,32,0,0,0,0,0,0,0,0,0,0,0,0,0,0,0,0,0,0,0,0,0,0,0,0,0,0,0,0,0,0,0,0,0,0,0,0,0,0,0,0,0,0,0,0
68,"Wednesday, April 19, 2023 5:35 PM EDT",1019,1013,75.4,47,78.8,48,57.5,79.7,78.8,78.8,84,3.8,3.8,4.3,0,0,0,3,455.12,32,0,32,32,32,0,32,32,32,0,32,32,32,0,32,32,32,0,32,32,32,0,32,32,32,0,32,32,0,0,0,0,0,0,0,0,0,0,0,0,0,0,0,0,0,0,0,0,0,0,0,0,0,0,0,0,0,0,0,0,0,0,0,0,0,0,0,0,0,0,0,0
69,"Wednesday, April 19, 2023 5:40 PM EDT",1019,1013,75.6,47,79,48,57.6,79.8,79,79.8,84,6.9,6.9,7.2,0,0,0,1,182.96,32,0,32,32,32,0,32,32,32,0,32,32,32,0,32,32,32,0,32,32,32,0,32,32,32,0,32,32,0,0,0,0,0,0,0,0,0,0,0,0,0,0,0,0,0,0,0,0,0,0,0,0,0,0,0,0,0,0,0,0,0,0,0,0,0,0,0,0,0,0,0,0
