Time,Barometric pressure (Absolute),Barometric Pressure (Relative),Indoor temperature,Indoor humidity,Outdoor temperature,Outdoor humidity,Dew Point,Heat Index,Wind Chill,Feels Like,Wind Direction,Wind speed,10 min AVG,Wind gust,Rain rate,Hourly rainfall,Daily rainfall,UV index,Light intensity,CH1 temperature,CH1 humidity,CH1 Dew Point,CH1 Heat Index,CH2 temperature,CH2 humidity,CH2 Dew Point,CH2 Heat Index,CH3 temperature,CH3 humidity,CH3 Dew Point,CH3 Heat Index,CH4 temperature,CH4 humidity,CH4 Dew Point,CH4 Heat Index,CH5 temperature,CH5 humidity,CH5 Dew Point,CH5 Heat Index,CH6 temperature,CH6 humidity,CH6 Dew Point,CH6 Heat Index,CH7 temperature,CH7 humidity,CH7 Dew Point,CH7 Heat Index,Last strike,Lightning distance,Lightning hourly count,Lightning total in 5 minutes,Lightning total in 30 minutes,Lightning total in 1 hour,Lightning total in 1 day,Water Leakage CH1,Water Leakage CH2,Water Leakage CH3,Water Leakage CH4,Water Leakage CH5,Water Leakage CH6,Water Leakage CH7,CO CH1,CO Sensor battery CH1,PM2.5 CH1,PM10 CH1,PM sensor CH1 battery,PM sensor CH1 connect,PM 2.5 CH1 AQI,PM 10 CH1 AQI,PM2.5 CH2,PM10 CH2,PM sensor CH2 battery,PM sensor CH2 connect,PM 2.5 CH2 AQI,PM 10 CH2 AQI,PM2.5 CH3,PM10 CH3,PM sensor CH3 battery,PM sensor CH3 connect,PM 2.5 CH3 AQI,PM 10 CH3 AQI,PM2.5 CH4,PM10 CH4,PM sensor CH4 battery,PM sensor CH4 connect,PM 2.5 CH4 AQI,PM 10 CH4 AQI,HCHO,HCHO+VOC Sensor battery,CO₂,CO₂ Sensor Battery
,hPa,hPa,°F,%,°F,%,°F,°F,°F,°F,deg,mph,mph,mph,in,in,in,**,W/m²,°F,%,°F,°F,°F,%,°F,°F,°F,%,°F,°F,°F,%,°F,°F,°F,%,°F,°F,°F,%,°F,°F,°F,%,°F,°F,**,km,**,**,**,**,**,**,**,**,**,**,**,**,ppm,**,µg/m³,µg/m³,**,**,**,**,µg/m³,µg/m³,**,**,**,**,µg/m³,µg/m³,**,**,**,**,µg/m³,µg/m³,**,**,**,**,ppb,**,ppm,**
"Thursday, May 18, 2023 12:00 PM EDT",1017,1011,72.1,56,86.2,53,67.1,89.1,86.2,89.1,174,3.8,3.8,4.3,0.00,0.00,0.00,11,955.04,32.0,0,32.0,32.0,32.0,0,32.0,32.0,32.0,0,32.0,32.0,32.0,0,32.0,32.0,32.0,0,32.0,32.0,32.0,0,32.0,32.0,32.0,0,32.0,32.0,0,0,0,0,0,0,0,0,0,0,0,0,0,0,0.0,0,0,0,0,0,0,0,0,0,0,0,0,0,0,0,0,0,0,0,0,0,0,0,0,0,0,0,0.0,0
"Thursday, May 18, 2023 12:05 PM EDT",1017,1011,72.1,55,86.9,51,66.6,89.6,86.9,89.6,174,4.7,4.7,5.1,0.00,0.00,0.00,11,965.39,32.0,0,32.0,32.0,32.0,0,32.0,32.0,32.0,0,32.0,32.0,32.0,0,32.0,32.0,32.0,0,32.0,32.0,32.0,0,32.0,32.0,32.0,0,32.0,32.0,0,0,0,0,0,0,0,0,0,0,0,0,0,0,0.0,0,0,0,0,0,0,0,0,0,0,0,0,0,0,0,0,0,0,0,0,0,0,0,0,0,0,0,0.0,0
"Thursday, May 18, 2023 12:10 PM EDT",1017,1011,72.3,54,86.7,51,66.4,89.3,86.7,89.3,180,6.9,6.9,7.2,0.00,0.00,0.00,10,969.26,32.0,0,32.0,32.0,32.0,0,32.0,32.0,32.0,0,32.0,32.0,32.0,0,32.0,32.0,32.0,0,32.0,32.0,32.0,0,32.0,32.0,32.0,0,32.0,32.0,0,0,0,0,0,0,0,0,0,0,0,0,0,0,0.0,0,0,0,0,0,0,0,0,0,0,0,0,0,0,0,0,0,0,0,0,0,0,0,0,0,0,0,0.0,0
"Thursday, May 18, 2023 12:15 PM EDT",1017,1011,72.1,54,86.2,51,65.9,88.4,86.2,88.4,132,2.9,2.9,2.9,0.00,0.00,0.00,10,981.67,32.0,0,32.0,32.0,32.0,0,32.0,32.0,32.0,0,32.0,32.0,32.0,0,32.0,32.0,32.0,0,32.0,32.0,32.0,0,32.0,32.0,32.0,0,32.0,32.0,0,0,0,0,0,0,0,0,0,0,0,0,0,0,0.0,0,0,0,0,0,0,0,0,0,0,0,0,0,0,0,0,0,0,0,0,0,0,0,0,0,0,0,0.0,0
"Thursday, May 18, 2023 12:20 PM EDT",1017,1011,72.0,53,87.3,51,66.9,90.2,87.3,90.2,168,6.3,6.3,6.3,0.00,0.00,0.00,10,994.54,32.0,0,32.0,32.0,32.0,0,32.0,32.0,32.0,0,32.0,32.0,32.0,0,32.0,32.0,32.0,0,32.0,32.0,32.0,0,32.0,32.0,32.0,0,32.0,32.0,0,0,0,0,0,0,0,0,0,0,0,0,0,0,0.0,0,0,0,0,0,0,0,0,0,0,0,0,0,0,0,0,0,0,0,0,0,0,0,0,0,0,0,0.0,0
"Thursday, May 18, 2023 12:25 PM EDT",1017,1011,72.1,54,87.3,52,67.5,90.5,87.3,90.5,168,4.9,4.9,5.6,0.00,0.00,0.00,12,1000.47,32.0,0,32.0,32.0,32.0,0,32.0,32.0,32.0,0,32.0,32.0,32.0,0,32.0,32.0,32.0,0,32.0,32.0,32.0,0,32.0,32.0,32.0,0,32.0,32.0,0,0,0,0,0,0,0,0,0,0,0,0,0,0,0.0,0,0,0,0,0,0,0,0,0,0,0,0,0,0,0,0,0,0,0,0,0,0,0,0,0,0,0,0.0,0
"Thursday, May 18, 2023 12:30 PM EDT",1016,1011,72.0,54,87.3,51,66.9,90.2,87.3,90.2,198,2.7,2.7,2.7,0.00,0.00,0.00,10,1006.08,32.0,0,32.0,32.0,32.0,0,32.0,32.0,32.0,0,32.0,32.0,32.0,0,32.0,32.0,32.0,0,32.0,32.0,32.0,0,32.0,32.0,32.0,0,32.0,32.0,0,0,0,0,0,0,0,0,0,0,0,0,0,0,0.0,0,0,0,0,0,0,0,0,0,0,0,0,0,0,0,0,0,0,0,0,0,0,0,0,0,0,0,0.0,0
"Thursday, May 18, 2023 12:35 PM EDT",1016,1011,72.0,52,87.8,51,67.4,91.1,87.8,91.1,185,3.8,3.8,4.3,0.00,0.00,0.00,12,1013.11,32.0,0,32.0,32.0,32.0,0,32.0,32.0,32.0,0,32.0,32.0,32.0,0,32.0,32.0,32.0,0,32.0,32.0,32.0,0,32.0,32.0,32.0,0,32.0,32.0,0,0,0,0,0,0,0,0,0,0,0,0,0,0,0.0,0,0,0,0,0,0,0,0,0,0,0,0,0,0,0,0,0,0,0,0,0,0,0,0,0,0,0,0.0,0
"Thursday, May 18, 2023 12:40 PM EDT",1016,1011,71.8,50,87.8,52,68.0,91.4,87.8,91.4,185,3.4,3.4,3.6,0.00,0.00,0.00,11,1016.82,32.0,0,32.0,32.0,32.0,0,32.0,32.0,32.0,0,32.0,32.0,32.0,0,32.0,32.0,32.0,0,32.0,32.0,32.0,0,32.0,32.0,32.0,0,32.0,32.0,0,0,0,0,0,0,0,0,0,0,0,0,0,0,0.0,0,0,0,0,0,0,0,0,0,0,0,0,0,0,0,0,0,0,0,0,0,0,0,0,0,0,0,0.0,0
"Thursday, May 18, 2023 12:45 PM EDT",1016,1010,71.8,51,87.3,53,68.1,90.9,87.3,90.9,126,4.3,4.3,4.5,0.00,0.00,0.00,11,1015.16,32.0,0,32.0,32.0,32.0,0,32.0,32.0,32.0,0,32.0,32.0,32.0,0,32.0,32.0,32.0,0,32.0,32.0,32.0,0,32.0,32.0,32.0,0,32.0,32.0,0,0,0,0,0,0,0,0,0,0,0,0,0,0,0.0,0,0,0,0,0,0,0,0,0,0,0,0,0,0,0,0,0,0,0,0,0,0,0,0,0,0,0,0.0,0
"Thursday, May 18, 2023 12:50 PM EDT",1016,1010,72.3,51,86.2,59,70.2,91.1,86.2,91.1,168,2.9,2.9,2.9,0.00,0.00,0.00,11,1027.49,32.0,0,32.0,32.0,32.0,0,32.0,32.0,32.0,0,32.0,32.0,32.0,0,32.0,32.0,32.0,0,32.0,32.0,32.0,0,32.0,32.0,32.0,0,32.0,32.0,0,0,0,0,0,0,0,0,0,0,0,0,0,0,0.0,0,0,0,0,0,0,0,0,0,0,0,0,0,0,0,0,0,0,0,0,0,0,0,0,0,0,0,0.0,0
"Thursday, May 18, 2023 12:55 PM EDT",1016,1010,73.0,51,86.2,57,69.2,90.4,86.2,90.4,186,5.4,5.4,5.8,0.00,0.00,0.00,11,1030.02,32.0,0,32.0,32.0,32.0,0,32.0,32.0,32.0,0,32.0,32.0,32.0,0,32.0,32.0,32.0,0,32.0,32.0,32.0,0,32.0,32.0,32.0,0,32.0,32.0,0,0,0,0,0,0,0,0,0,0,0,0,0,0,0.0,0,0,0,0,0,0,0,0,0,0,0,0,0,0,0,0,0,0,0,0,0,0,0,0,0,0,0,0.0,0
"Thursday, May 18, 2023 1:00 PM EDT",1016,1010,73.6,50,87.1,56,69.5,91.6,87.1,91.6,138,5.6,5.6,6.3,0.00,0.00,0.00,11,1028.44,32.0,0,32.0,32.0,32.0,0,32.0,32.0,32.0,0,32.0,32.0,32.0,0,32.0,32.0,32.0,0,32.0,32.0,32.0,0,32.0,32.0,32.0,0,32.0,32.0,0,0,0,0,0,0,0,0,0,0,0,0,0,0,0.0,0,0,0,0,0,0,0,0,0,0,0,0,0,0,0,0,0,0,0,0,0,0,0,0,0,0,0,0.0,0
"Thursday, May 18, 2023 1:05 PM EDT",1016,1010,73.6,50,86.5,56,69.0,90.7,86.5,90.7,150,8.5,8.5,10.1,0.00,0.00,0.00,11,1025.51,32.0,0,32.0,32.0,32.0,0,32.0,32.0,32.0,0,32.0,32.0,32.0,0,32.0,32.0,32.0,0,32.0,32.0,32.0,0,32.0,32.0,32.0,0,32.0,32.0,0,0,0,0,0,0,0,0,0,0,0,0,0,0,0.0,0,0,0,0,0,0,0,0,0,0,0,0,0,0,0,0,0,0,0,0,0,0,0,0,0,0,0,0.0,0
"Thursday, May 18, 2023 1:10 PM EDT",1016,1010,73.2,48,86.4,55,68.3,90.0,86.4,90.0,96,3.4,3.4,3.6,0.00,0.00,0.00,12,1038.39,32.0,0,32.0,32.0,32.0,0,32.0,32.0,32.0,0,32.0,32.0,32.0,0,32.0,32.0,32.0,0,32.0,32.0,32.0,0,32.0,32.0,32.0,0,32.0,32.0,0,0,0,0,0,0,0,0,0,0,0,0,0,0,0.0,0,0,0,0,0,0,0,0,0,0,0,0,0,0,0,0,0,0,0,0,0,0,0,0,0,0,0,0.0,0
"Thursday, May 18, 2023 1:15 PM EDT",1016,1010,73.2,50,87.4,53,68.2,91.2,87.4,91.2,180,5.6,5.6,5.6,0.00,0.00,0.00,12,1036.49,32.0,0,32.0,32.0,32.0,0,32.0,32.0,32.0,0,32.0,32.0,32.0,0,32.0,32.0,32.0,0,32.0,32.0,32.0,0,32.0,32.0,32.0,0,32.0,32.0,0,0,0,0,0,0,0,0,0,0,0,0,0,0,0.0,0,0,0,0,0,0,0,0,0,0,0,0,0,0,0,0,0,0,0,0,0,0,0,0,0,0,0,0.0,0
"Thursday, May 18, 2023 1:20 PM EDT",1016,1010,73.6,50,86.2,55,68.1,89.7,86.2,89.7,186,2.7,2.7,2.7,0.00,0.00,0.00,12,1037.99,32.0,0,32.0,32.0,32.0,0,32.0,32.0,32.0,0,32.0,32.0,32.0,0,32.0,32.0,32.0,0,32.0,32.0,32.0,0,32.0,32.0,32.0,0,32.0,32.0,0,0,0,0,0,0,0,0,0,0,0,0,0,0,0.0,0,0,0,0,0,0,0,0,0,0,0,0,0,0,0,0,0,0,0,0,0,0,0,0,0,0,0,0.0,0
"Thursday, May 18, 2023 1:25 PM EDT",1016,1010,73.6,50,86.9,57,69.8,91.7,86.9,91.7,174,6.0,6.0,6.0,0.00,0.00,0.00,11,1041.00,32.0,0,32.0,32.0,32.0,0,32.0,32.0,32.0,0,32.0,32.0,32.0,0,32.0,32.0,32.0,0,32.0,32.0,32.0,0,32.0,32.0,32.0,0,32.0,32.0,0,0,0,0,0,0,0,0,0,0,0,0,0,0,0.0,0,0,0,0,0,0,0,0,0,0,0,0,0,0,0,0,0,0,0,0,0,0,0,0,0,0,0,0.0,0
"Thursday, May 18, 2023 1:30 PM EDT",1016,1010,73.2,49,86.2,55,68.1,89.7,86.2,89.7,138,2.7,2.7,2.7,0.00,0.00,0.00,11,1032.86,32.0,0,32.0,32.0,32.0,0,32.0,32.0,32.0,0,32.0,32.0,32.0,0,32.0,32.0,32.0,0,32.0,32.0,32.0,0,32.0,32.0,32.0,0,32.0,32.0,0,0,0,0,0,0,0,0,0,0,0,0,0,0,0.0,0,0,0,0,0,0,0,0,0,0,0,0,0,0,0,0,0,0,0,0,0,0,0,0,0,0,0,0.0,0
"Thursday, May 18, 2023 1:35 PM EDT",1016,1010,73.2,50,87.3,57,70.2,92.4,87.3,92.4,126,5.1,5.1,5.6,0.00,0.00,0.00,11,1030.02,32.0,0,32.0,32.0,32.0,0,32.0,32.0,32.0,0,32.0,32.0,32.0,0,32.0,32.0,32.0,0,32.0,32.0,32.0,0,32.0,32.0,32.0,0,32.0,32.0,0,0,0,0,0,0,0,0,0,0,0,0,0,0,0.0,0,0,0,0,0,0,0,0,0,0,0,0,0,0,0,0,0,0,0,0,0,0,0,0,0,0,0,0.0,0
"Thursday, May 18, 2023 1:40 PM EDT",1016,1010,73.8,51,86.7,56,69.2,91.0,86.7,91.0,162,5.4,5.4,6.0,0.00,0.00,0.00,11,1037.20,32.0,0,32.0,32.0,32.0,0,32.0,32.0,32.0,0,32.0,32.0,32.0,0,32.0,32.0,32.0,0,32.0,32.0,32.0,0,32.0,32.0,32.0,0,32.0,32.0,0,0,0,0,0,0,0,0,0,0,0,0,0,0,0.0,0,0,0,0,0,0,0,0,0,0,0,0,0,0,0,0,0,0,0,0,0,0,0,0,0,0,0,0.0,0
"Thursday, May 18, 2023 1:45 PM EDT",1016,1010,73.6,49,86.0,59,70.0,90.7,86.0,90.7,246,4.7,4.7,5.1,0.00,0.00,0.00,10,1042.89,32.0,0,32.0,32.0,32.0,0,32.0,32.0,32.0,0,32.0,32.0,32.0,0,32.0,32.0,32.0,0,32.0,32.0,32.0,0,32.0,32.0,32.0,0,32.0,32.0,0,0,0,0,0,0,0,0,0,0,0,0,0,0,0.0,0,0,0,0,0,0,0,0,0,0,0,0,0,0,0,0,0,0,0,0,0,0,0,0,0,0,0,0.0,0
"Thursday, May 18, 2023 1:50 PM EDT",1016,1010,73.2,49,86.7,57,69.7,91.4,86.7,91.4,114,3.4,3.4,3.8,0.00,0.00,0.00,11,1041.15,32.0,0,32.0,32.0,32.0,0,32.0,32.0,32.0,0,32.0,32.0,32.0,0,32.0,32.0,32.0,0,32.0,32.0,32.0,0,32.0,32.0,32.0,0,32.0,32.0,0,0,0,0,0,0,0,0,0,0,0,0,0,0,0.0,0,0,0,0,0,0,0,0,0,0,0,0,0,0,0,0,0,0,0,0,0,0,0,0,0,0,0,0.0,0
"Thursday, May 18, 2023 1:55 PM EDT",1016,1010,73.2,50,86.7,58,70.2,91.7,86.7,91.7,138,5.8,5.8,6.3,0.00,0.00,0.00,11,1064.86,32.0,0,32.0,32.0,32.0,0,32.0,32.0,32.0,0,32.0,32.0,32.0,0,32.0,32.0,32.0,0,32.0,32.0,32.0,0,32.0,32.0,32.0,0,32.0,32.0,0,0,0,0,0,0,0,0,0,0,0,0,0,0,0.0,0,0,0,0,0,0,0,0,0,0,0,0,0,0,0,0,0,0,0,0,0,0,0,0,0,0,0,0.0,0
"Thursday, May 18, 2023 2:00 PM EDT",1016,1010,73.8,50,86.7,58,70.2,91.7,86.7,91.7,168,8.3,8.3,9.2,0.00,0.00,0.00,10,1056.96,32.0,0,32.0,32.0,32.0,0,32.0,32.0,32.0,0,32.0,32.0,32.0,0,32.0,32.0,32.0,0,32.0,32.0,32.0,0,32.0,32.0,32.0,0,32.0,32.0,0,0,0,0,0,0,0,0,0,0,0,0,0,0,0.0,0,0,0,0,0,0,0,0,0,0,0,0,0,0,0,0,0,0,0,0,0,0,0,0,0,0,0,0.0,0
"Thursday, May 18, 2023 2:05 PM EDT",1016,1010,73.8,49,86.4,57,69.3,90.7,86.4,90.7,192,6.5,6.5,7.2,0.00,0.00,0.00,12,1059.01,32.0,0,32.0,32.0,32.0,0,32.0,32.0,32.0,0,32.0,32.0,32.0,0,32.0,32.0,32.0,0,32.0,32.0,32.0,0,32.0,32.0,32.0,0,32.0,32.0,0,0,0,0,0,0,0,0,0,0,0,0,0,0,0.0,0,0,0,0,0,0,0,0,0,0,0,0,0,0,0,0,0,0,0,0,0,0,0,0,0,0,0,0.0,0
"Thursday, May 18, 2023 2:10 PM EDT",1016,1010,73.0,48,86.0,60,70.5,91.1,86.0,91.1,144,3.8,3.8,4.3,0.00,0.00,0.00,1,109.17,32.0,0,32.0,32.0,32.0,0,32.0,32.0,32.0,0,32.0,32.0,32.0,0,32.0,32.0,32.0,0,32.0,32.0,32.0,0,32.0,32.0,32.0,0,32.0,32.0,0,0,0,0,0,0,0,0,0,0,0,0,0,0,0.0,0,0,0,0,0,0,0,0,0,0,0,0,0,0,0,0,0,0,0,0,0,0,0,0,0,0,0,0.0,0
"Thursday, May 18, 2023 2:15 PM EDT",1016,1010,73.2,50,85.6,58,69.2,89.7,85.6,89.7,196,3.1,3.1,3.6,0.00,0.00,0.00,1,92.82,32.0,0,32.0,32.0,32.0,0,32.0,32.0,32.0,0,32.0,32.0,32.0,0,32.0,32.0,32.0,0,32.0,32.0,32.0,0,32.0,32.0,32.0,0,32.0,32.0,0,0,0,0,0,0,0,0,0,0,0,0,0,0,0.0,0,0,0,0,0,0,0,0,0,0,0,0,0,0,0,0,0,0,0,0,0,0,0,0,0,0,0,0.0,0
"Thursday, May 18, 2023 2:20 PM EDT",1016,1010,73.6,50,86.0,58,69.5,90.4,86.0,90.4,197,4.7,4.7,5.1,0.00,0.00,0.00,1,91.87,32.0,0,32.0,32.0,32.0,0,32.0,32.0,32.0,0,32.0,32.0,32.0,0,32.0,32.0,32.0,0,32.0,32.0,32.0,0,32.0,32.0,32.0,0,32.0,32.0,0,0,0,0,0,0,0,0,0,0,0,0,0,0,0.0,0,0,0,0,0,0,0,0,0,0,0,0,0,0,0,0,0,0,0,0,0,0,0,0,0,0,0,0.0,0
"Thursday, May 18, 2023 2:25 PM EDT",1016,1010,73.4,49,85.8,61,70.8,91.1,85.8,91.1,204,5.8,5.8,6.3,0.00,0.00,0.00,0,62.01,32.0,0,32.0,32.0,32.0,0,32.0,32.0,32.0,0,32.0,32.0,32.0,0,32.0,32.0,32.0,0,32.0,32.0,32.0,0,32.0,32.0,32.0,0,32.0,32.0,0,0,0,0,0,0,0,0,0,0,0,0,0,0,0.0,0,0,0,0,0,0,0,0,0,0,0,0,0,0,0,0,0,0,0,0,0,0,0,0,0,0,0,0.0,0
"Thursday, May 18, 2023 2:30 PM EDT",1016,1010,73.0,48,85.3,62,70.8,90.4,85.3,90.4,178,4.9,4.9,5.6,0.00,0.00,0.00,1,75.05,32.0,0,32.0,32.0,32.0,0,32.0,32.0,32.0,0,32.0,32.0,32.0,0,32.0,32.0,32.0,0,32.0,32.0,32.0,0,32.0,32.0,32.0,0,32.0,32.0,0,0,0,0,0,0,0,0,0,0,0,0,0,0,0.0,0,0,0,0,0,0,0,0,0,0,0,0,0,0,0,0,0,0,0,0,0,0,0,0,0,0,0,0.0,0
"Thursday, May 18, 2023 2:35 PM EDT",1016,1010,73.2,49,83.3,67,71.2,88.2,83.3,88.2,210,5.4,5.4,5.8,0.00,0.00,0.00,1,156.18,32.0,0,32.0,32.0,32.0,0,32.0,32.0,32.0,0,32.0,32.0,32.0,0,32.0,32.0,32.0,0,32.0,32.0,32.0,0,32.0,32.0,32.0,0,32.0,32.0,0,0,0,0,0,0,0,0,0,0,0,0,0,0,0.0,0,0,0,0,0,0,0,0,0,0,0,0,0,0,0,0,0,0,0,0,0,0,0,0,0,0,0,0.0,0
"Thursday, May 18, 2023 2:40 PM EDT",1016,1010,73.8,50,82.6,69,71.4,87.3,82.6,87.3,222,3.4,3.4,3.6,0.00,0.00,0.00,2,274.29,32.0,0,32.0,32.0,32.0,0,32.0,32.0,32.0,0,32.0,32.0,32.0,0,32.0,32.0,32.0,0,32.0,32.0,32.0,0,32.0,32.0,32.0,0,32.0,32.0,0,0,0,0,0,0,0,0,0,0,0,0,0,0,0.0,0,0,0,0,0,0,0,0,0,0,0,0,0,0,0,0,0,0,0,0,0,0,0,0,0,0,0,0.0,0
"Thursday, May 18, 2023 2:45 PM EDT",1016,1010,73.6,48,82.9,67,70.9,87.5,82.9,87.5,168,2.5,2.5,2.5,0.00,0.00,0.00,4,450.94,32.0,0,32.0,32.0,32.0,0,32.0,32.0,32.0,0,32.0,32.0,32.0,0,32.0,32.0,32.0,0,32.0,32.0,32.0,0,32.0,32.0,32.0,0,32.0,32.0,0,0,0,0,0,0,0,0,0,0,0,0,0,0,0.0,0,0,0,0,0,0,0,0,0,0,0,0,0,0,0,0,0,0,0,0,0,0,0,0,0,0,0,0.0,0
"Thursday, May 18, 2023 2:50 PM EDT",1016,1010,73.0,48,83.8,64,70.4,88.3,83.8,88.3,168,4.3,4.3,4.5,0.00,0.00,0.00,5,519.98,32.0,0,32.0,32.0,32.0,0,32.0,32.0,32.0,0,32.0,32.0,32.0,0,32.0,32.0,32.0,0,32.0,32.0,32.0,0,32.0,32.0,32.0,0,32.0,32.0,0,0,0,0,0,0,0,0,0,0,0,0,0,0,0.0,0,0,0,0,0,0,0,0,0,0,0,0,0,0,0,0,0,0,0,0,0,0,0,0,0,0,0,0.0,0
"Thursday, May 18, 2023 2:55 PM EDT",1016,1010,73.4,49,84.4,64,70.9,89.4,84.4,89.4,174,4.7,4.7,5.1,0.00,0.00,0.00,3,328.40,32.0,0,32.0,32.0,32.0,0,32.0,32.0,32.0,0,32.0,32.0,32.0,0,32.0,32.0,32.0,0,32.0,32.0,32.0,0,32.0,32.0,32.0,0,32.0,32.0,0,0,0,0,0,0,0,0,0,0,0,0,0,0,0.0,0,0,0,0,0,0,0,0,0,0,0,0,0,0,0,0,0,0,0,0,0,0,0,0,0,0,0,0.0,0
"Thursday, May 18, 2023 3:00 PM EDT",1015,1010,73.9,49,84.7,62,70.3,89.4,84.7,89.4,174,7.6,7.6,8.1,0.00,0.00,0.00,11,995.02,32.0,0,32.0,32.0,32.0,0,32.0,32.0,32.0,0,32.0,32.0,32.0,0,32.0,32.0,32.0,0,32.0,32.0,32.0,0,32.0,32.0,32.0,0,32.0,32.0,0,0,0,0,0,0,0,0,0,0,0,0,0,0,0.0,0,0,0,0,0,0,0,0,0,0,0,0,0,0,0,0,0,0,0,0,0,0,0,0,0,0,0,0.0,0
"Thursday, May 18, 2023 3:05 PM EDT",1016,1010,73.4,48,85.5,63,71.4,91.1,85.5,91.1,191,6.7,6.7,6.9,0.00,0.00,0.00,7,849.18,32.0,0,32.0,32.0,32.0,0,32.0,32.0,32.0,0,32.0,32.0,32.0,0,32.0,32.0,32.0,0,32.0,32.0,32.0,0,32.0,32.0,32.0,0,32.0,32.0,0,0,0,0,0,0,0,0,0,0,0,0,0,0,0.0,0,0,0,0,0,0,0,0,0,0,0,0,0,0,0,0,0,0,0,0,0,0,0,0,0,0,0,0.0,0
"Thursday, May 18, 2023 3:10 PM EDT",1016,1010,73.0,48,84.7,65,71.7,90.4,84.7,90.4,228,4.3,4.3,4.5,0.00,0.00,0.00,2,231.79,32.0,0,32.0,32.0,32.0,0,32.0,32.0,32.0,0,32.0,32.0,32.0,0,32.0,32.0,32.0,0,32.0,32.0,32.0,0,32.0,32.0,32.0,0,32.0,32.0,0,0,0,0,0,0,0,0,0,0,0,0,0,0,0.0,0,0,0,0,0,0,0,0,0,0,0,0,0,0,0,0,0,0,0,0,0,0,0,0,0,0,0,0.0,0
"Thursday, May 18, 2023 3:15 PM EDT",1016,1010,73.2,49,83.8,66,71.3,88.9,83.8,88.9,180,3.1,3.1,3.1,0.00,0.00,0.00,2,249.88,32.0,0,32.0,32.0,32.0,0,32.0,32.0,32.0,0,32.0,32.0,32.0,0,32.0,32.0,32.0,0,32.0,32.0,32.0,0,32.0,32.0,32.0,0,32.0,32.0,0,0,0,0,0,0,0,0,0,0,0,0,0,0,0.0,0,0,0,0,0,0,0,0,0,0,0,0,0,0,0,0,0,0,0,0,0,0,0,0,0,0,0,0.0,0
"Thursday, May 18, 2023 3:20 PM EDT",1015,1010,73.8,48,83.8,66,71.3,88.9,83.8,88.9,218,3.1,3.1,3.1,0.00,0.00,0.00,3,248.38,32.0,0,32.0,32.0,32.0,0,32.0,32.0,32.0,0,32.0,32.0,32.0,0,32.0,32.0,32.0,0,32.0,32.0,32.0,0,32.0,32.0,32.0,0,32.0,32.0,0,0,0,0,0,0,0,0,0,0,0,0,0,0,0.0,0,0,0,0,0,0,0,0,0,0,0,0,0,0,0,0,0,0,0,0,0,0,0,0,0,0,0,0.0,0
"Thursday, May 18, 2023 3:25 PM EDT",1016,1010,73.4,47,83.7,67,71.5,88.9,83.7,88.9,192,6.3,6.3,6.3,0.00,0.00,0.00,2,275.55,32.0,0,32.0,32.0,32.0,0,32.0,32.0,32.0,0,32.0,32.0,32.0,0,32.0,32.0,32.0,0,32.0,32.0,32.0,0,32.0,32.0,32.0,0,32.0,32.0,0,0,0,0,0,0,0,0,0,0,0,0,0,0,0.0,0,0,0,0,0,0,0,0,0,0,0,0,0,0,0,0,0,0,0,0,0,0,0,0,0,0,0,0.0,0
"Thursday, May 18, 2023 3:30 PM EDT",1015,1009,73.0,48,82.9,66,70.4,87.2,82.9,87.2,206,5.6,5.6,6.0,0.00,0.00,0.00,2,203.42,32.0,0,32.0,32.0,32.0,0,32.0,32.0,32.0,0,32.0,32.0,32.0,0,32.0,32.0,32.0,0,32.0,32.0,32.0,0,32.0,32.0,32.0,0,32.0,32.0,0,0,0,0,0,0,0,0,0,0,0,0,0,0,0.0,0,0,0,0,0,0,0,0,0,0,0,0,0,0,0,0,0,0,0,0,0,0,0,0,0,0,0,0.0,0
"Thursday, May 18, 2023 3:35 PM EDT",1015,1009,73.4,48,83.1,66,70.6,87.6,83.1,87.6,180,6.3,6.3,6.9,0.00,0.00,0.00,1,145.36,32.0,0,32.0,32.0,32.0,0,32.0,32.0,32.0,0,32.0,32.0,32.0,0,32.0,32.0,32.0,0,32.0,32.0,32.0,0,32.0,32.0,32.0,0,32.0,32.0,0,0,0,0,0,0,0,0,0,0,0,0,0,0,0.0,0,0,0,0,0,0,0,0,0,0,0,0,0,0,0,0,0,0,0,0,0,0,0,0,0,0,0,0.0,0
"Thursday, May 18, 2023 3:40 PM EDT",1015,1009,73.8,48,82.4,68,70.8,86.7,82.4,86.7,217,4.5,4.5,4.9,0.00,0.00,0.00,1,100.01,32.0,0,32.0,32.0,32.0,0,32.0,32.0,32.0,0,32.0,32.0,32.0,0,32.0,32.0,32.0,0,32.0,32.0,32.0,0,32.0,32.0,32.0,0,32.0,32.0,0,0,0,0,0,0,0,0,0,0,0,0,0,0,0.0,0,0,0,0,0,0,0,0,0,0,0,0,0,0,0,0,0,0,0,0,0,0,0,0,0,0,0,0.0,0
"Thursday, May 18, 2023 3:45 PM EDT",1015,1009,73.4,47,82.6,68,71.0,87.1,82.6,87.1,210,4.5,4.5,4.9,0.00,0.00,0.00,1,96.46,32.0,0,32.0,32.0,32.0,0,32.0,32.0,32.0,0,32.0,32.0,32.0,0,32.0,32.0,32.0,0,32.0,32.0,32.0,0,32.0,32.0,32.0,0,32.0,32.0,0,0,0,0,0,0,0,0,0,0,0,0,0,0,0.0,0,0,0,0,0,0,0,0,0,0,0,0,0,0,0,0,0,0,0,0,0,0,0,0,0,0,0,0.0,0
"Thursday, May 18, 2023 3:50 PM EDT",1015,1010,73.0,47,83.3,69,72.1,88.7,83.3,88.7,197,3.4,3.4,3.6,0.00,0.00,0.00,1,110.99,32.0,0,32.0,32.0,32.0,0,32.0,32.0,32.0,0,32.0,32.0,32.0,0,32.0,32.0,32.0,0,32.0,32.0,32.0,0,32.0,32.0,32.0,0,32.0,32.0,0,0,0,0,0,0,0,0,0,0,0,0,0,0,0.0,0,0,0,0,0,0,0,0,0,0,0,0,0,0,0,0,0,0,0,0,0,0,0,0,0,0,0,0.0,0
"Thursday, May 18, 2023 3:55 PM EDT",1015,1009,73.4,48,82.9,72,73.0,88.8,82.9,88.8,198,2.9,2.9,2.9,0.00,0.00,0.00,1,117.31,32.0,0,32.0,32.0,32.0,0,32.0,32.0,32.0,0,32.0,32.0,32.0,0,32.0,32.0,32.0,0,32.0,32.0,32.0,0,32.0,32.0,32.0,0,32.0,32.0,0,0,0,0,0,0,0,0,0,0,0,0,0,0,0.0,0,0,0,0,0,0,0,0,0,0,0,0,0,0,0,0,0,0,0,0,0,0,0,0,0,0,0,0.0,0
"Thursday, May 18, 2023 4:00 PM EDT",1015,1009,73.8,48,82.9,69,71.7,88.0,82.9,88.0,179,2.9,2.9,2.9,0.00,0.00,0.00,1,109.17,32.0,0,32.0,32.0,32.0,0,32.0,32.0,32.0,0,32.0,32.0,32.0,0,32.0,32.0,32.0,0,32.0,32.0,32.0,0,32.0,32.0,32.0,0,32.0,32.0,0,0,0,0,0,0,0,0,0,0,0,0,0,0,0.0,0,0,0,0,0,0,0,0,0,0,0,0,0,0,0,0,0,0,0,0,0,0,0,0,0,0,0,0.0,0
"Thursday, May 18, 2023 4:05 PM EDT",1015,1009,73.4,47,82.4,68,70.8,86.7,82.4,86.7,178,5.6,5.6,6.3,0.00,0.00,0.00,1,90.93,32.0,0,32.0,32.0,32.0,0,32.0,32.0,32.0,0,32.0,32.0,32.0,0,32.0,32.0,32.0,0,32.0,32.0,32.0,0,32.0,32.0,32.0,0,32.0,32.0,0,0,0,0,0,0,0,0,0,0,0,0,0,0,0.0,0,0,0,0,0,0,0,0,0,0,0,0,0,0,0,0,0,0,0,0,0,0,0,0,0,0,0,0.0,0
"Thursday, May 18, 2023 4:10 PM EDT",1015,1009,73.0,47,82.6,66,70.1,86.6,82.6,86.6,179,3.8,3.8,4.3,0.00,0.00,0.00,1,107.12,32.0,0,32.0,32.0,32.0,0,32.0,32.0,32.0,0,32.0,32.0,32.0,0,32.0,32.0,32.0,0,32.0,32.0,32.0,0,32.0,32.0,32.0,0,32.0,32.0,0,0,0,0,0,0,0,0,0,0,0,0,0,0,0.0,0,0,0,0,0,0,0,0,0,0,0,0,0,0,0,0,0,0,0,0,0,0,0,0,0,0,0,0.0,0
"Thursday, May 18, 2023 4:15 PM EDT",1015,1009,73.2,48,82.8,66,70.3,86.9,82.8,86.9,180,3.1,3.1,3.1,0.00,0.00,0.00,1,123.95,32.0,0,32.0,32.0,32.0,0,32.0,32.0,32.0,0,32.0,32.0,32.0,0,32.0,32.0,32.0,0,32.0,32.0,32.0,0,32.0,32.0,32.0,0,32.0,32.0,0,0,0,0,0,0,0,0,0,0,0,0,0,0,0.0,0,0,0,0,0,0,0,0,0,0,0,0,0,0,0,0,0,0,0,0,0,0,0,0,0,0,0,0.0,0
"Thursday, May 18, 2023 4:20 PM EDT",1015,1009,73.8,48,83.1,64,69.7,87.1,83.1,87.1,156,1.8,1.8,1.8,0.00,0.00,0.00,1,145.52,32.0,0,32.0,32.0,32.0,0,32.0,32.0,32.0,0,32.0,32.0,32.0,0,32.0,32.0,32.0,0,32.0,32.0,32.0,0,32.0,32.0,32.0,0,32.0,32.0,0,0,0,0,0,0,0,0,0,0,0,0,0,0,0.0,0,0,0,0,0,0,0,0,0,0,0,0,0,0,0,0,0,0,0,0,0,0,0,0,0,0,0,0.0,0
"Thursday, May 18, 2023 4:25 PM EDT",1015,1009,73.4,47,83.8,64,70.4,88.3,83.8,88.3,180,4.7,4.7,5.1,0.00,0.00,0.00,1,172.06,32.0,0,32.0,32.0,32.0,0,32.0,32.0,32.0,0,32.0,32.0,32.0,0,32.0,32.0,32.0,0,32.0,32.0,32.0,0,32.0,32.0,32.0,0,32.0,32.0,0,0,0,0,0,0,0,0,0,0,0,0,0,0,0.0,0,0,0,0,0,0,0,0,0,0,0,0,0,0,0,0,0,0,0,0,0,0,0,0,0,0,0,0.0,0
"Thursday, May 18, 2023 4:30 PM EDT",1015,1009,73.0,47,83.1,68,71.5,88.1,83.1,88.1,218,4.3,4.3,4.5,0.00,0.00,0.00,1,144.49,32.0,0,32.0,32.0,32.0,0,32.0,32.0,32.0,0,32.0,32.0,32.0,0,32.0,32.0,32.0,0,32.0,32.0,32.0,0,32.0,32.0,32.0,0,32.0,32.0,0,0,0,0,0,0,0,0,0,0,0,0,0,0,0.0,0,0,0,0,0,0,0,0,0,0,0,0,0,0,0,0,0,0,0,0,0,0,0,0,0,0,0,0.0,0
"Thursday, May 18, 2023 4:35 PM EDT",1015,1009,73.2,48,82.9,70,72.2,88.3,82.9,88.3,204,2.2,2.2,2.2,0.00,0.00,0.00,1,121.66,32.0,0,32.0,32.0,32.0,0,32.0,32.0,32.0,0,32.0,32.0,32.0,0,32.0,32.0,32.0,0,32.0,32.0,32.0,0,32.0,32.0,32.0,0,32.0,32.0,0,0,0,0,0,0,0,0,0,0,0,0,0,0,0.0,0,0,0,0,0,0,0,0,0,0,0,0,0,0,0,0,0,0,0,0,0,0,0,0,0,0,0,0.0,0
"Thursday, May 18, 2023 4:40 PM EDT",1015,1009,73.8,48,81.7,75,73.0,86.9,81.7,86.9,234,3.8,3.8,4.3,0.00,0.00,0.00,1,117.23,32.0,0,32.0,32.0,32.0,0,32.0,32.0,32.0,0,32.0,32.0,32.0,0,32.0,32.0,32.0,0,32.0,32.0,32.0,0,32.0,32.0,32.0,0,32.0,32.0,0,0,0,0,0,0,0,0,0,0,0,0,0,0,0.0,0,0,0,0,0,0,0,0,0,0,0,0,0,0,0,0,0,0,0,0,0,0,0,0,0,0,0,0.0,0
"Thursday, May 18, 2023 4:45 PM EDT",1015,1009,73.2,46,81.0,73,71.5,85.1,81.0,85.1,228,2.0,2.0,2.0,0.00,0.00,0.00,1,119.21,32.0,0,32.0,32.0,32.0,0,32.0,32.0,32.0,0,32.0,32.0,32.0,0,32.0,32.0,32.0,0,32.0,32.0,32.0,0,32.0,32.0,32.0,0,32.0,32.0,0,0,0,0,0,0,0,0,0,0,0,0,0,0,0.0,0,0,0,0,0,0,0,0,0,0,0,0,0,0,0,0,0,0,0,0,0,0,0,0,0,0,0,0.0,0
"Thursday, May 18, 2023 4:50 PM EDT",1015,1009,72.9,48,80.4,73,71.0,84.1,80.4,84.1,243,2.5,2.5,2.5,0.00,0.00,0.00,1,103.17,32.0,0,32.0,32.0,32.0,0,32.0,32.0,32.0,0,32.0,32.0,32.0,0,32.0,32.0,32.0,0,32.0,32.0,32.0,0,32.0,32.0,32.0,0,32.0,32.0,0,0,0,0,0,0,0,0,0,0,0,0,0,0,0.0,0,0,0,0,0,0,0,0,0,0,0,0,0,0,0,0,0,0,0,0,0,0,0,0,0,0,0,0.0,0
"Thursday, May 18, 2023 4:55 PM EDT",1015,1009,73.4,48,80.8,74,71.7,84.9,80.8,84.9,190,1.8,1.8,1.8,0.00,0.00,0.00,1,95.27,32.0,0,32.0,32.0,32.0,0,32.0,32.0,32.0,0,32.0,32.0,32.0,0,32.0,32.0,32.0,0,32.0,32.0,32.0,0,32.0,32.0,32.0,0,32.0,32.0,0,0,0,0,0,0,0,0,0,0,0,0,0,0,0.0,0,0,0,0,0,0,0,0,0,0,0,0,0,0,0,0,0,0,0,0,0,0,0,0,0,0,0,0.0,0
"Thursday, May 18, 2023 5:00 PM EDT",1015,1009,73.6,47,80.6,75,71.9,84.7,80.6,84.7,222,2.2,2.2,2.2,0.00,0.00,0.00,1,85.00,32.0,0,32.0,32.0,32.0,0,32.0,32.0,32.0,0,32.0,32.0,32.0,0,32.0,32.0,32.0,0,32.0,32.0,32.0,0,32.0,32.0,32.0,0,32.0,32.0,0,0,0,0,0,0,0,0,0,0,0,0,0,0,0.0,0,0,0,0,0,0,0,0,0,0,0,0,0,0,0,0,0,0,0,0,0,0,0,0,0,0,0,0.0,0
"Thursday, May 18, 2023 5:05 PM EDT",1015,1009,73.2,46,81.0,71,70.7,84.7,81.0,84.7,240,3.1,3.1,3.1,0.00,0.00,0.00,1,91.56,32.0,0,32.0,32.0,32.0,0,32.0,32.0,32.0,0,32.0,32.0,32.0,0,32.0,32.0,32.0,0,32.0,32.0,32.0,0,32.0,32.0,32.0,0,32.0,32.0,0,0,0,0,0,0,0,0,0,0,0,0,0,0,0.0,0,0,0,0,0,0,0,0,0,0,0,0,0,0,0,0,0,0,0,0,0,0,0,0,0,0,0,0.0,0
"Thursday, May 18, 2023 5:10 PM EDT",1015,1009,73.0,47,80.8,70,70.1,84.2,80.8,84.2,251,4.5,4.5,4.9,0.00,0.00,0.00,1,101.51,32.0,0,32.0,32.0,32.0,0,32.0,32.0,32.0,0,32.0,32.0,32.0,0,32.0,32.0,32.0,0,32.0,32.0,32.0,0,32.0,32.0,32.0,0,32.0,32.0,0,0,0,0,0,0,0,0,0,0,0,0,0,0,0.0,0,0,0,0,0,0,0,0,0,0,0,0,0,0,0,0,0,0,0,0,0,0,0,0,0,0,0,0.0,0
"Thursday, May 18, 2023 5:15 PM EDT",1015,1010,73.6,47,80.4,71,70.2,83.8,80.4,83.8,252,2.7,2.7,2.7,0.00,0.00,0.00,1,126.24,32.0,0,32.0,32.0,32.0,0,32.0,32.0,32.0,0,32.0,32.0,32.0,0,32.0,32.0,32.0,0,32.0,32.0,32.0,0,32.0,32.0,32.0,0,32.0,32.0,0,0,0,0,0,0,0,0,0,0,0,0,0,0,0.0,0,0,0,0,0,0,0,0,0,0,0,0,0,0,0,0,0,0,0,0,0,0,0,0,0,0,0,0.0,0
"Thursday, May 18, 2023 5:20 PM EDT",1015,1010,73.6,47,80.6,70,69.9,83.9,80.6,83.9,211,4.3,4.3,4.5,0.00,0.00,0.00,1,160.84,32.0,0,32.0,32.0,32.0,0,32.0,32.0,32.0,0,32.0,32.0,32.0,0,32.0,32.0,32.0,0,32.0,32.0,32.0,0,32.0,32.0,32.0,0,32.0,32.0,0,0,0,0,0,0,0,0,0,0,0,0,0,0,0.0,0,0,0,0,0,0,0,0,0,0,0,0,0,0,0,0,0,0,0,0,0,0,0,0,0,0,0,0.0,0
"Thursday, May 18, 2023 5:25 PM EDT",1015,1010,73.2,46,81.0,70,70.3,84.6,81.0,84.6,217,3.1,3.1,3.1,0.00,0.00,0.00,1,160.53,32.0,0,32.0,32.0,32.0,0,32.0,32.0,32.0,0,32.0,32.0,32.0,0,32.0,32.0,32.0,0,32.0,32.0,32.0,0,32.0,32.0,32.0,0,32.0,32.0,0,0,0,0,0,0,0,0,0,0,0,0,0,0,0.0,0,0,0,0,0,0,0,0,0,0,0,0,0,0,0,0,0,0,0,0,0,0,0,0,0,0,0,0.0,0
"Thursday, May 18, 2023 5:30 PM EDT",1015,1009,73.0,47,81.3,69,70.2,85.0,81.3,85.0,231,2.0,2.0,2.0,0.00,0.00,0.00,1,156.42,32.0,0,32.0,32.0,32.0,0,32.0,32.0,32.0,0,32.0,32.0,32.0,0,32.0,32.0,32.0,0,32.0,32.0,32.0,0,32.0,32.0,32.0,0,32.0,32.0,0,0,0,0,0,0,0,0,0,0,0,0,0,0,0.0,0,0,0,0,0,0,0,0,0,0,0,0,0,0,0,0,0,0,0,0,0,0,0,0,0,0,0,0.0,0
"Thursday, May 18, 2023 5:35 PM EDT",1015,1010,73.4,48,81.7,67,69.7,85.2,81.7,85.2,198,2.9,2.9,2.9,0.00,0.00,0.00,1,148.28,32.0,0,32.0,32.0,32.0,0,32.0,32.0,32.0,0,32.0,32.0,32.0,0,32.0,32.0,32.0,0,32.0,32.0,32.0,0,32.0,32.0,32.0,0,32.0,32.0,0,0,0,0,0,0,0,0,0,0,0,0,0,0,0.0,0,0,0,0,0,0,0,0,0,0,0,0,0,0,0,0,0,0,0,0,0,0,0,0,0,0,0,0.0,0
"Thursday, May 18, 2023 5:40 PM EDT",1015,1009,73.6,47,82.0,69,70.9,86.3,82.0,86.3,250,3.1,3.1,3.6,0.00,0.00,0.00,1,133.90,32.0,0,32.0,32.0,32.0,0,32.0,32.0,32.0,0,32.0,32.0,32.0,0,32.0,32.0,32.0,0,32.0,32.0,32.0,0,32.0,32.0,32.0,0,32.0,32.0,0,0,0,0,0,0,0,0,0,0,0,0,0,0,0.0,0,0,0,0,0,0,0,0,0,0,0,0,0,0,0,0,0,0,0,0,0,0,0,0,0,0,0,0.0,0
"Thursday, May 18, 2023 5:45 PM EDT",1015,1009,73.2,46,81.5,69,70.4,85.3,81.5,85.3,206,5.4,5.4,5.8,0.00,0.00,0.00,1,147.33,32.0,0,32.0,32.0,32.0,0,32.0,32.0,32.0,0,32.0,32.0,32.0,0,32.0,32.0,32.0,0,32.0,32.0,32.0,0,32.0,32.0,32.0,0,32.0,32.0,0,0,0,0,0,0,0,0,0,0,0,0,0,0,0.0,0,0,0,0,0,0,0,0,0,0,0,0,0,0,0,0,0,0,0,0,0,0,0,0,0,0,0,0.0,0
"Thursday, May 18, 2023 5:50 PM EDT",1015,1009,73.0,47,81.9,68,70.3,85.8,81.9,85.8,228,2.5,2.5,2.5,0.00,0.00,0.00,1,166.21,32.0,0,32.0,32.0,32.0,0,32.0,32.0,32.0,0,32.0,32.0,32.0,0,32.0,32.0,32.0,0,32.0,32.0,32.0,0,32.0,32.0,32.0,0,32.0,32.0,0,0,0,0,0,0,0,0,0,0,0,0,0,0,0.0,0,0,0,0,0,0,0,0,0,0,0,0,0,0,0,0,0,0,0,0,0,0,0,0,0,0,0,0.0,0
"Thursday, May 18, 2023 5:55 PM EDT",1015,1009,73.6,47,82.8,67,70.7,87.2,82.8,87.2,198,3.8,3.8,4.3,0.00,0.00,0.00,1,122.92,32.0,0,32.0,32.0,32.0,0,32.0,32.0,32.0,0,32.0,32.0,32.0,0,32.0,32.0,32.0,0,32.0,32.0,32.0,0,32.0,32.0,32.0,0,32.0,32.0,0,0,0,0,0,0,0,0,0,0,0,0,0,0,0.0,0,0,0,0,0,0,0,0,0,0,0,0,0,0,0,0,0,0,0,0,0,0,0,0,0,0,0,0.0,0
"Thursday, May 18, 2023 6:00 PM EDT",1015,1009,73.8,47,82.8,67,70.7,87.2,82.8,87.2,190,3.1,3.1,3.1,0.00,0.00,0.00,1,176.96,32.0,0,32.0,32.0,32.0,0,32.0,32.0,32.0,0,32.0,32.0,32.0,0,32.0,32.0,32.0,0,32.0,32.0,32.0,0,32.0,32.0,32.0,0,32.0,32.0,0,0,0,0,0,0,0,0,0,0,0,0,0,0,0.0,0,0,0,0,0,0,0,0,0,0,0,0,0,0,0,0,0,0,0,0,0,0,0,0,0,0,0,0.0,0
"Thursday, May 18, 2023 6:05 PM EDT",1015,1009,73.2,44,83.1,70,72.3,88.6,83.1,88.6,196,3.4,3.4,3.8,0.00,0.00,0.00,1,153.65,32.0,0,32.0,32.0,32.0,0,32.0,32.0,32.0,0,32.0,32.0,32.0,0,32.0,32.0,32.0,0,32.0,32.0,32.0,0,32.0,32.0,32.0,0,32.0,32.0,0,0,0,0,0,0,0,0,0,0,0,0,0,0,0.0,0,0,0,0,0,0,0,0,0,0,0,0,0,0,0,0,0,0,0,0,0,0,0,0,0,0,0,0.0,0
"Thursday, May 18, 2023 6:10 PM EDT",1015,1009,73.2,47,82.8,72,72.8,88.4,82.8,88.4,216,2.0,2.0,2.0,0.00,0.00,0.00,1,131.06,32.0,0,32.0,32.0,32.0,0,32.0,32.0,32.0,0,32.0,32.0,32.0,0,32.0,32.0,32.0,0,32.0,32.0,32.0,0,32.0,32.0,32.0,0,32.0,32.0,0,0,0,0,0,0,0,0,0,0,0,0,0,0,0.0,0,0,0,0,0,0,0,0,0,0,0,0,0,0,0,0,0,0,0,0,0,0,0,0,0,0,0,0.0,0
"Thursday, May 18, 2023 6:15 PM EDT",1015,1009,73.8,47,81.7,73,72.2,86.5,81.7,86.5,203,2.7,2.7,2.7,0.00,0.00,0.00,1,132.95,32.0,0,32.0,32.0,32.0,0,32.0,32.0,32.0,0,32.0,32.0,32.0,0,32.0,32.0,32.0,0,32.0,32.0,32.0,0,32.0,32.0,32.0,0,32.0,32.0,0,0,0,0,0,0,0,0,0,0,0,0,0,0,0.0,0,0,0,0,0,0,0,0,0,0,0,0,0,0,0,0,0,0,0,0,0,0,0,0,0,0,0,0.0,0
"Thursday, May 18, 2023 6:20 PM EDT",1015,1009,73.4,46,82.0,72,72.1,87.0,82.0,87.0,225,3.6,3.6,3.8,0.00,0.00,0.00,1,224.04,32.0,0,32.0,32.0,32.0,0,32.0,32.0,32.0,0,32.0,32.0,32.0,0,32.0,32.0,32.0,0,32.0,32.0,32.0,0,32.0,32.0,32.0,0,32.0,32.0,0,0,0,0,0,0,0,0,0,0,0,0,0,0,0.0,0,0,0,0,0,0,0,0,0,0,0,0,0,0,0,0,0,0,0,0,0,0,0,0,0,0,0,0.0,0
"Thursday, May 18, 2023 6:25 PM EDT",1015,1009,73.0,46,82.6,72,72.6,88.1,82.6,88.1,223,4.7,4.7,5.1,0.00,0.00,0.00,1,191.26,32.0,0,32.0,32.0,32.0,0,32.0,32.0,32.0,0,32.0,32.0,32.0,0,32.0,32.0,32.0,0,32.0,32.0,32.0,0,32.0,32.0,32.0,0,32.0,32.0,0,0,0,0,0,0,0,0,0,0,0,0,0,0,0.0,0,0,0,0,0,0,0,0,0,0,0,0,0,0,0,0,0,0,0,0,0,0,0,0,0,0,0,0.0,0
"Thursday, May 18, 2023 6:30 PM EDT",1015,1009,73.2,47,82.4,72,72.5,87.7,82.4,87.7,198,3.6,3.6,3.8,0.00,0.00,0.00,1,193.71,32.0,0,32.0,32.0,32.0,0,32.0,32.0,32.0,0,32.0,32.0,32.0,0,32.0,32.0,32.0,0,32.0,32.0,32.0,0,32.0,32.0,32.0,0,32.0,32.0,0,0,0,0,0,0,0,0,0,0,0,0,0,0,0.0,0,0,0,0,0,0,0,0,0,0,0,0,0,0,0,0,0,0,0,0,0,0,0,0,0,0,0,0.0,0
"Thursday, May 18, 2023 6:35 PM EDT",1015,1009,73.6,47,82.6,70,71.8,87.6,82.6,87.6,197,4.3,4.3,4.5,0.00,0.00,0.00,1,130.51,32.0,0,32.0,32.0,32.0,0,32.0,32.0,32.0,0,32.0,32.0,32.0,0,32.0,32.0,32.0,0,32.0,32.0,32.0,0,32.0,32.0,32.0,0,32.0,32.0,0,0,0,0,0,0,0,0,0,0,0,0,0,0,0.0,0,0,0,0,0,0,0,0,0,0,0,0,0,0,0,0,0,0,0,0,0,0,0,0,0,0,0,0.0,0
"Thursday, May 18, 2023 6:40 PM EDT",1015,1009,73.4,47,82.9,69,71.7,88.0,82.9,88.0,192,2.9,2.9,2.9,0.00,0.00,0.00,1,121.58,32.0,0,32.0,32.0,32.0,0,32.0,32.0,32.0,0,32.0,32.0,32.0,0,32.0,32.0,32.0,0,32.0,32.0,32.0,0,32.0,32.0,32.0,0,32.0,32.0,0,0,0,0,0,0,0,0,0,0,0,0,0,0,0.0,0,0,0,0,0,0,0,0,0,0,0,0,0,0,0,0,0,0,0,0,0,0,0,0,0,0,0,0.0,0
"Thursday, May 18, 2023 6:45 PM EDT",1015,1009,72.9,48,83.1,69,71.9,88.4,83.1,88.4,180,3.6,3.6,3.8,0.00,0.00,0.00,1,104.28,32.0,0,32.0,32.0,32.0,0,32.0,32.0,32.0,0,32.0,32.0,32.0,0,32.0,32.0,32.0,0,32.0,32.0,32.0,0,32.0,32.0,32.0,0,32.0,32.0,0,0,0,0,0,0,0,0,0,0,0,0,0,0,0.0,0,0,0,0,0,0,0,0,0,0,0,0,0,0,0,0,0,0,0,0,0,0,0,0,0,0,0,0.0,0
"Thursday, May 18, 2023 6:50 PM EDT",1015,1010,73.4,48,83.3,68,71.6,88.4,83.3,88.4,180,1.8,1.8,1.8,0.00,0.00,0.00,1,98.19,32.0,0,32.0,32.0,32.0,0,32.0,32.0,32.0,0,32.0,32.0,32.0,0,32.0,32.0,32.0,0,32.0,32.0,32.0,0,32.0,32.0,32.0,0,32.0,32.0,0,0,0,0,0,0,0,0,0,0,0,0,0,0,0.0,0,0,0,0,0,0,0,0,0,0,0,0,0,0,0,0,0,0,0,0,0,0,0,0,0,0,0,0.0,0
"Thursday, May 18, 2023 6:55 PM EDT",1016,1010,73.6,48,83.7,66,71.1,88.6,83.7,88.6,186,2.5,2.5,2.5,0.00,0.00,0.00,0,85.24,32.0,0,32.0,32.0,32.0,0,32.0,32.0,32.0,0,32.0,32.0,32.0,0,32.0,32.0,32.0,0,32.0,32.0,32.0,0,32.0,32.0,32.0,0,32.0,32.0,0,0,0,0,0,0,0,0,0,0,0,0,0,0,0.0,0,0,0,0,0,0,0,0,0,0,0,0,0,0,0,0,0,0,0,0,0,0,0,0,0,0,0,0.0,0
"Thursday, May 18, 2023 7:00 PM EDT",1016,1010,73.2,46,83.5,66,70.9,88.2,83.5,88.2,241,4.5,4.5,4.9,0.00,0.00,0.00,0,59.88,32.0,0,32.0,32.0,32.0,0,32.0,32.0,32.0,0,32.0,32.0,32.0,0,32.0,32.0,32.0,0,32.0,32.0,32.0,0,32.0,32.0,32.0,0,32.0,32.0,0,0,0,0,0,0,0,0,0,0,0,0,0,0,0.0,0,0,0,0,0,0,0,0,0,0,0,0,0,0,0,0,0,0,0,0,0,0,0,0,0,0,0,0.0,0
"Thursday, May 18, 2023 7:05 PM EDT",1016,1010,72.9,49,83.7,66,71.1,88.6,83.7,88.6,211,2.7,2.7,2.7,0.00,0.00,0.00,0,53.40,32.0,0,32.0,32.0,32.0,0,32.0,32.0,32.0,0,32.0,32.0,32.0,0,32.0,32.0,32.0,0,32.0,32.0,32.0,0,32.0,32.0,32.0,0,32.0,32.0,0,0,0,0,0,0,0,0,0,0,0,0,0,0,0.0,0,0,0,0,0,0,0,0,0,0,0,0,0,0,0,0,0,0,0,0,0,0,0,0,0,0,0,0.0,0
"Thursday, May 18, 2023 7:10 PM EDT",1016,1010,73.4,49,84.2,66,71.6,89.6,84.2,89.6,190,2.9,2.9,2.9,0.00,0.00,0.00,0,47.40,32.0,0,32.0,32.0,32.0,0,32.0,32.0,32.0,0,32.0,32.0,32.0,0,32.0,32.0,32.0,0,32.0,32.0,32.0,0,32.0,32.0,32.0,0,32.0,32.0,0,0,0,0,0,0,0,0,0,0,0,0,0,0,0.0,0,0,0,0,0,0,0,0,0,0,0,0,0,0,0,0,0,0,0,0,0,0,0,0,0,0,0,0.0,0
"Thursday, May 18, 2023 7:15 PM EDT",1016,1010,73.6,48,84.2,66,71.6,89.6,84.2,89.6,228,2.9,2.9,2.9,0.00,0.00,0.00,0,38.07,32.0,0,32.0,32.0,32.0,0,32.0,32.0,32.0,0,32.0,32.0,32.0,0,32.0,32.0,32.0,0,32.0,32.0,32.0,0,32.0,32.0,32.0,0,32.0,32.0,0,0,0,0,0,0,0,0,0,0,0,0,0,0,0.0,0,0,0,0,0,0,0,0,0,0,0,0,0,0,0,0,0,0,0,0,0,0,0,0,0,0,0,0.0,0
"Thursday, May 18, 2023 7:20 PM EDT",1016,1010,73.2,47,84.0,67,71.9,89.6,84.0,89.6,224,2.5,2.5,2.5,0.00,0.00,0.00,0,29.78,32.0,0,32.0,32.0,32.0,0,32.0,32.0,32.0,0,32.0,32.0,32.0,0,32.0,32.0,32.0,0,32.0,32.0,32.0,0,32.0,32.0,32.0,0,32.0,32.0,0,0,0,0,0,0,0,0,0,0,0,0,0,0,0.0,0,0,0,0,0,0,0,0,0,0,0,0,0,0,0,0,0,0,0,0,0,0,0,0,0,0,0,0.0,0
"Thursday, May 18, 2023 7:25 PM EDT",1016,1010,72.9,49,83.7,68,72.0,89.2,83.7,89.2,198,2.5,2.5,2.5,0.00,0.00,0.00,0,26.14,32.0,0,32.0,32.0,32.0,0,32.0,32.0,32.0,0,32.0,32.0,32.0,0,32.0,32.0,32.0,0,32.0,32.0,32.0,0,32.0,32.0,32.0,0,32.0,32.0,0,0,0,0,0,0,0,0,0,0,0,0,0,0,0.0,0,0,0,0,0,0,0,0,0,0,0,0,0,0,0,0,0,0,0,0,0,0,0,0,0,0,0,0.0,0
"Thursday, May 18, 2023 7:30 PM EDT",1016,1010,73.6,49,83.7,69,72.4,89.4,83.7,89.4,222,1.8,1.8,1.8,0.00,0.00,0.00,0,21.17,32.0,0,32.0,32.0,32.0,0,32.0,32.0,32.0,0,32.0,32.0,32.0,0,32.0,32.0,32.0,0,32.0,32.0,32.0,0,32.0,32.0,32.0,0,32.0,32.0,0,0,0,0,0,0,0,0,0,0,0,0,0,0,0.0,0,0,0,0,0,0,0,0,0,0,0,0,0,0,0,0,0,0,0,0,0,0,0,0,0,0,0,0.0,0
"Thursday, May 18, 2023 7:35 PM EDT",1016,1010,73.6,49,83.7,69,72.4,89.4,83.7,89.4,198,1.8,1.8,1.8,0.00,0.00,0.00,0,12.95,32.0,0,32.0,32.0,32.0,0,32.0,32.0,32.0,0,32.0,32.0,32.0,0,32.0,32.0,32.0,0,32.0,32.0,32.0,0,32.0,32.0,32.0,0,32.0,32.0,0,0,0,0,0,0,0,0,0,0,0,0,0,0,0.0,0,0,0,0,0,0,0,0,0,0,0,0,0,0,0,0,0,0,0,0,0,0,0,0,0,0,0,0.0,0
"Thursday, May 18, 2023 7:40 PM EDT",1016,1010,73.0,48,83.1,71,72.7,88.9,83.1,88.9,168,3.4,3.4,3.6,0.00,0.00,0.00,0,10.58,32.0,0,32.0,32.0,32.0,0,32.0,32.0,32.0,0,32.0,32.0,32.0,0,32.0,32.0,32.0,0,32.0,32.0,32.0,0,32.0,32.0,32.0,0,32.0,32.0,0,0,0,0,0,0,0,0,0,0,0,0,0,0,0.0,0,0,0,0,0,0,0,0,0,0,0,0,0,0,0,0,0,0,0,0,0,0,0,0,0,0,0,0.0,0
"Thursday, May 18, 2023 7:45 PM EDT",1016,1011,73.0,49,83.1,71,72.7,88.9,83.1,88.9,211,2.5,2.5,2.5,0.00,0.00,0.00,0,8.92,32.0,0,32.0,32.0,32.0,0,32.0,32.0,32.0,0,32.0,32.0,32.0,0,32.0,32.0,32.0,0,32.0,32.0,32.0,0,32.0,32.0,32.0,0,32.0,32.0,0,0,0,0,0,0,0,0,0,0,0,0,0,0,0.0,0,0,0,0,0,0,0,0,0,0,0,0,0,0,0,0,0,0,0,0,0,0,0,0,0,0,0,0.0,0
"Thursday, May 18, 2023 7:50 PM EDT",1016,1010,73.6,50,82.9,71,72.6,88.5,82.9,88.5,189,1.3,1.3,1.3,0.00,0.00,0.00,0,4.50,32.0,0,32.0,32.0,32.0,0,32.0,32.0,32.0,0,32.0,32.0,32.0,0,32.0,32.0,32.0,0,32.0,32.0,32.0,0,32.0,32.0,32.0,0,32.0,32.0,0,0,0,0,0,0,0,0,0,0,0,0,0,0,0.0,0,0,0,0,0,0,0,0,0,0,0,0,0,0,0,0,0,0,0,0,0,0,0,0,0,0,0,0.0,0
"Thursday, May 18, 2023 7:55 PM EDT",1016,1010,73.4,49,82.9,71,72.6,88.5,82.9,88.5,132,1.3,1.3,1.3,0.00,0.00,0.00,0,2.84,32.0,0,32.0,32.0,32.0,0,32.0,32.0,32.0,0,32.0,32.0,32.0,0,32.0,32.0,32.0,0,32.0,32.0,32.0,0,32.0,32.0,32.0,0,32.0,32.0,0,0,0,0,0,0,0,0,0,0,0,0,0,0,0.0,0,0,0,0,0,0,0,0,0,0,0,0,0,0,0,0,0,0,0,0,0,0,0,0,0,0,0,0.0,0
"Thursday, May 18, 2023 8:00 PM EDT",1016,1011,73.0,48,82.9,71,72.6,88.5,82.9,88.5,132,1.3,1.3,1.3,0.00,0.00,0.00,0,1.73,32.0,0,32.0,32.0,32.0,0,32.0,32.0,32.0,0,32.0,32.0,32.0,0,32.0,32.0,32.0,0,32.0,32.0,32.0,0,32.0,32.0,32.0,0,32.0,32.0,0,0,0,0,0,0,0,0,0,0,0,0,0,0,0.0,0,0,0,0,0,0,0,0,0,0,0,0,0,0,0,0,0,0,0,0,0,0,0,0,0,0,0,0.0,0
"Thursday, May 18, 2023 8:05 PM EDT",1016,1011,73.0,49,82.9,70,72.2,88.3,82.9,88.3,144,0.0,0.0,0.0,0.00,0.00,0.00,0,0.94,32.0,0,32.0,32.0,32.0,0,32.0,32.0,32.0,0,32.0,32.0,32.0,0,32.0,32.0,32.0,0,32.0,32.0,32.0,0,32.0,32.0,32.0,0,32.0,32.0,0,0,0,0,0,0,0,0,0,0,0,0,0,0,0.0,0,0,0,0,0,0,0,0,0,0,0,0,0,0,0,0,0,0,0,0,0,0,0,0,0,0,0,0.0,0
"Thursday, May 18, 2023 8:10 PM EDT",1017,1011,73.6,49,82.9,69,71.7,88.0,82.9,88.0,144,1.8,1.8,1.8,0.00,0.00,0.00,0,0.31,32.0,0,32.0,32.0,32.0,0,32.0,32.0,32.0,0,32.0,32.0,32.0,0,32.0,32.0,32.0,0,32.0,32.0,32.0,0,32.0,32.0,32.0,0,32.0,32.0,0,0,0,0,0,0,0,0,0,0,0,0,0,0,0.0,0,0,0,0,0,0,0,0,0,0,0,0,0,0,0,0,0,0,0,0,0,0,0,0,0,0,0,0.0,0
"Thursday, May 18, 2023 8:15 PM EDT",1017,1011,73.4,49,82.9,70,72.2,88.3,82.9,88.3,144,1.6,1.6,1.6,0.00,0.00,0.00,0,0.00,32.0,0,32.0,32.0,32.0,0,32.0,32.0,32.0,0,32.0,32.0,32.0,0,32.0,32.0,32.0,0,32.0,32.0,32.0,0,32.0,32.0,32.0,0,32.0,32.0,0,0,0,0,0,0,0,0,0,0,0,0,0,0,0.0,0,0,0,0,0,0,0,0,0,0,0,0,0,0,0,0,0,0,0,0,0,0,0,0,0,0,0,0.0,0
"Thursday, May 18, 2023 8:20 PM EDT",1017,1011,73.0,48,83.1,70,72.3,88.6,83.1,88.6,186,2.5,2.5,2.5,0.00,0.00,0.00,0,0.00,32.0,0,32.0,32.0,32.0,0,32.0,32.0,32.0,0,32.0,32.0,32.0,0,32.0,32.0,32.0,0,32.0,32.0,32.0,0,32.0,32.0,32.0,0,32.0,32.0,0,0,0,0,0,0,0,0,0,0,0,0,0,0,0.0,0,0,0,0,0,0,0,0,0,0,0,0,0,0,0,0,0,0,0,0,0,0,0,0,0,0,0,0.0,0
"Thursday, May 18, 2023 8:25 PM EDT",1017,1011,73.0,49,83.1,70,72.3,88.6,83.1,88.6,180,3.1,3.1,3.1,0.00,0.00,0.00,0,0.00,32.0,0,32.0,32.0,32.0,0,32.0,32.0,32.0,0,32.0,32.0,32.0,0,32.0,32.0,32.0,0,32.0,32.0,32.0,0,32.0,32.0,32.0,0,32.0,32.0,0,0,0,0,0,0,0,0,0,0,0,0,0,0,0.0,0,0,0,0,0,0,0,0,0,0,0,0,0,0,0,0,0,0,0,0,0,0,0,0,0,0,0,0.0,0
"Thursday, May 18, 2023 8:30 PM EDT",1017,1011,73.8,50,82.9,70,72.2,88.3,82.9,88.3,180,0.0,0.0,0.0,0.00,0.00,0.00,0,0.00,32.0,0,32.0,32.0,32.0,0,32.0,32.0,32.0,0,32.0,32.0,32.0,0,32.0,32.0,32.0,0,32.0,32.0,32.0,0,32.0,32.0,32.0,0,32.0,32.0,0,0,0,0,0,0,0,0,0,0,0,0,0,0,0.0,0,0,0,0,0,0,0,0,0,0,0,0,0,0,0,0,0,0,0,0,0,0,0,0,0,0,0,0.0,0
"Thursday, May 18, 2023 8:35 PM EDT",1017,1011,73.4,48,82.9,70,72.2,88.3,82.9,88.3,184,0.0,0.0,0.0,0.00,0.00,0.00,0,0.00,32.0,0,32.0,32.0,32.0,0,32.0,32.0,32.0,0,32.0,32.0,32.0,0,32.0,32.0,32.0,0,32.0,32.0,32.0,0,32.0,32.0,32.0,0,32.0,32.0,0,0,0,0,0,0,0,0,0,0,0,0,0,0,0.0,0,0,0,0,0,0,0,0,0,0,0,0,0,0,0,0,0,0,0,0,0,0,0,0,0,0,0,0.0,0
"Thursday, May 18, 2023 8:40 PM EDT",1017,1011,72.9,48,83.1,69,71.9,88.4,83.1,88.4,186,2.2,2.2,2.2,0.00,0.00,0.00,0,0.00,32.0,0,32.0,32.0,32.0,0,32.0,32.0,32.0,0,32.0,32.0,32.0,0,32.0,32.0,32.0,0,32.0,32.0,32.0,0,32.0,32.0,32.0,0,32.0,32.0,0,0,0,0,0,0,0,0,0,0,0,0,0,0,0.0,0,0,0,0,0,0,0,0,0,0,0,0,0,0,0,0,0,0,0,0,0,0,0,0,0,0,0,0.0,0
"Thursday, May 18, 2023 8:45 PM EDT",1017,1011,73.2,49,83.1,69,71.9,88.4,83.1,88.4,177,0.0,0.0,0.0,0.00,0.00,0.00,0,0.00,32.0,0,32.0,32.0,32.0,0,32.0,32.0,32.0,0,32.0,32.0,32.0,0,32.0,32.0,32.0,0,32.0,32.0,32.0,0,32.0,32.0,32.0,0,32.0,32.0,0,0,0,0,0,0,0,0,0,0,0,0,0,0,0.0,0,0,0,0,0,0,0,0,0,0,0,0,0,0,0,0,0,0,0,0,0,0,0,0,0,0,0,0.0,0
"Thursday, May 18, 2023 8:50 PM EDT",1017,1011,73.8,49,83.1,69,71.9,88.4,83.1,88.4,180,0.0,0.0,0.0,0.00,0.00,0.00,0,0.00,32.0,0,32.0,32.0,32.0,0,32.0,32.0,32.0,0,32.0,32.0,32.0,0,32.0,32.0,32.0,0,32.0,32.0,32.0,0,32.0,32.0,32.0,0,32.0,32.0,0,0,0,0,0,0,0,0,0,0,0,0,0,0,0.0,0,0,0,0,0,0,0,0,0,0,0,0,0,0,0,0,0,0,0,0,0,0,0,0,0,0,0,0.0,0
"Thursday, May 18, 2023 8:55 PM EDT",1017,1011,73.4,49,83.1,70,72.3,88.6,83.1,88.6,180,2.0,2.0,2.0,0.00,0.00,0.00,0,0.00,32.0,0,32.0,32.0,32.0,0,32.0,32.0,32.0,0,32.0,32.0,32.0,0,32.0,32.0,32.0,0,32.0,32.0,32.0,0,32.0,32.0,32.0,0,32.0,32.0,0,0,0,0,0,0,0,0,0,0,0,0,0,0,0.0,0,0,0,0,0,0,0,0,0,0,0,0,0,0,0,0,0,0,0,0,0,0,0,0,0,0,0,0.0,0
"Thursday, May 18, 2023 9:00 PM EDT",1017,1011,73.0,48,82.9,70,72.2,88.3,82.9,88.3,180,1.8,1.8,1.8,0.00,0.00,0.00,0,0.00,32.0,0,32.0,32.0,32.0,0,32.0,32.0,32.0,0,32.0,32.0,32.0,0,32.0,32.0,32.0,0,32.0,32.0,32.0,0,32.0,32.0,32.0,0,32.0,32.0,0,0,0,0,0,0,0,0,0,0,0,0,0,0,0.0,0,0,0,0,0,0,0,0,0,0,0,0,0,0,0,0,0,0,0,0,0,0,0,0,0,0,0,0.0,0
"Thursday, May 18, 2023 9:05 PM EDT",1017,1011,73.2,49,82.8,71,72.4,88.2,82.8,88.2,180,2.0,2.0,2.0,0.00,0.00,0.00,0,0.00,32.0,0,32.0,32.0,32.0,0,32.0,32.0,32.0,0,32.0,32.0,32.0,0,32.0,32.0,32.0,0,32.0,32.0,32.0,0,32.0,32.0,32.0,0,32.0,32.0,0,0,0,0,0,0,0,0,0,0,0,0,0,0,0.0,0,0,0,0,0,0,0,0,0,0,0,0,0,0,0,0,0,0,0,0,0,0,0,0,0,0,0,0.0,0
"Thursday, May 18, 2023 9:10 PM EDT",1017,1011,73.8,50,82.6,71,72.2,87.8,82.6,87.8,180,0.0,0.0,0.0,0.00,0.00,0.00,0,0.00,32.0,0,32.0,32.0,32.0,0,32.0,32.0,32.0,0,32.0,32.0,32.0,0,32.0,32.0,32.0,0,32.0,32.0,32.0,0,32.0,32.0,32.0,0,32.0,32.0,0,0,0,0,0,0,0,0,0,0,0,0,0,0,0.0,0,0,0,0,0,0,0,0,0,0,0,0,0,0,0,0,0,0,0,0,0,0,0,0,0,0,0,0.0,0
"Thursday, May 18, 2023 9:15 PM EDT",1017,1011,73.4,48,82.6,71,72.2,87.8,82.6,87.8,180,1.8,1.8,1.8,0.00,0.00,0.00,0,0.00,32.0,0,32.0,32.0,32.0,0,32.0,32.0,32.0,0,32.0,32.0,32.0,0,32.0,32.0,32.0,0,32.0,32.0,32.0,0,32.0,32.0,32.0,0,32.0,32.0,0,0,0,0,0,0,0,0,0,0,0,0,0,0,0.0,0,0,0,0,0,0,0,0,0,0,0,0,0,0,0,0,0,0,0,0,0,0,0,0,0,0,0,0.0,0
"Thursday, May 18, 2023 9:20 PM EDT",1017,1011,72.9,49,82.6,71,72.2,87.8,82.6,87.8,180,2.0,2.0,2.0,0.00,0.00,0.00,0,0.00,32.0,0,32.0,32.0,32.0,0,32.0,32.0,32.0,0,32.0,32.0,32.0,0,32.0,32.0,32.0,0,32.0,32.0,32.0,0,32.0,32.0,32.0,0,32.0,32.0,0,0,0,0,0,0,0,0,0,0,0,0,0,0,0.0,0,0,0,0,0,0,0,0,0,0,0,0,0,0,0,0,0,0,0,0,0,0,0,0,0,0,0,0.0,0
"Thursday, May 18, 2023 9:25 PM EDT",1017,1011,73.4,50,82.4,72,72.5,87.7,82.4,87.7,180,2.0,2.0,2.0,0.00,0.00,0.00,0,0.00,32.0,0,32.0,32.0,32.0,0,32.0,32.0,32.0,0,32.0,32.0,32.0,0,32.0,32.0,32.0,0,32.0,32.0,32.0,0,32.0,32.0,32.0,0,32.0,32.0,0,0,0,0,0,0,0,0,0,0,0,0,0,0,0.0,0,0,0,0,0,0,0,0,0,0,0,0,0,0,0,0,0,0,0,0,0,0,0,0,0,0,0,0.0,0
"Thursday, May 18, 2023 9:30 PM EDT",1017,1011,73.6,50,82.4,72,72.5,87.7,82.4,87.7,183,1.6,1.6,1.6,0.00,0.00,0.00,0,0.00,32.0,0,32.0,32.0,32.0,0,32.0,32.0,32.0,0,32.0,32.0,32.0,0,32.0,32.0,32.0,0,32.0,32.0,32.0,0,32.0,32.0,32.0,0,32.0,32.0,0,0,0,0,0,0,0,0,0,0,0,0,0,0,0.0,0,0,0,0,0,0,0,0,0,0,0,0,0,0,0,0,0,0,0,0,0,0,0,0,0,0,0,0.0,0
"Thursday, May 18, 2023 9:35 PM EDT",1017,1011,73.4,48,82.2,73,72.7,87.6,82.2,87.6,180,0.0,0.0,0.0,0.00,0.00,0.00,0,0.00,32.0,0,32.0,32.0,32.0,0,32.0,32.0,32.0,0,32.0,32.0,32.0,0,32.0,32.0,32.0,0,32.0,32.0,32.0,0,32.0,32.0,32.0,0,32.0,32.0,0,0,0,0,0,0,0,0,0,0,0,0,0,0,0.0,0,0,0,0,0,0,0,0,0,0,0,0,0,0,0,0,0,0,0,0,0,0,0,0,0,0,0,0.0,0
"Thursday, May 18, 2023 9:40 PM EDT",1017,1011,73.0,49,82.0,74,72.9,87.4,82.0,87.4,180,0.0,0.0,0.0,0.00,0.00,0.00,0,0.00,32.0,0,32.0,32.0,32.0,0,32.0,32.0,32.0,0,32.0,32.0,32.0,0,32.0,32.0,32.0,0,32.0,32.0,32.0,0,32.0,32.0,32.0,0,32.0,32.0,0,0,0,0,0,0,0,0,0,0,0,0,0,0,0.0,0,0,0,0,0,0,0,0,0,0,0,0,0,0,0,0,0,0,0,0,0,0,0,0,0,0,0,0.0,0
"Thursday, May 18, 2023 9:45 PM EDT",1017,1011,73.4,50,82.0,74,72.9,87.4,82.0,87.4,183,2.0,2.0,2.0,0.00,0.00,0.00,0,0.00,32.0,0,32.0,32.0,32.0,0,32.0,32.0,32.0,0,32.0,32.0,32.0,0,32.0,32.0,32.0,0,32.0,32.0,32.0,0,32.0,32.0,32.0,0,32.0,32.0,0,0,0,0,0,0,0,0,0,0,0,0,0,0,0.0,0,0,0,0,0,0,0,0,0,0,0,0,0,0,0,0,0,0,0,0,0,0,0,0,0,0,0,0.0,0
"Thursday, May 18, 2023 9:50 PM EDT",1017,1011,73.8,49,82.0,74,72.9,87.4,82.0,87.4,180,0.0,0.0,0.0,0.00,0.00,0.00,0,0.00,32.0,0,32.0,32.0,32.0,0,32.0,32.0,32.0,0,32.0,32.0,32.0,0,32.0,32.0,32.0,0,32.0,32.0,32.0,0,32.0,32.0,32.0,0,32.0,32.0,0,0,0,0,0,0,0,0,0,0,0,0,0,0,0.0,0,0,0,0,0,0,0,0,0,0,0,0,0,0,0,0,0,0,0,0,0,0,0,0,0,0,0,0.0,0
"Thursday, May 18, 2023 9:55 PM EDT",1017,1011,73.2,48,82.2,74,73.1,87.8,82.2,87.8,183,1.6,1.6,1.6,0.00,0.00,0.00,0,0.00,32.0,0,32.0,32.0,32.0,0,32.0,32.0,32.0,0,32.0,32.0,32.0,0,32.0,32.0,32.0,0,32.0,32.0,32.0,0,32.0,32.0,32.0,0,32.0,32.0,0,0,0,0,0,0,0,0,0,0,0,0,0,0,0.0,0,0,0,0,0,0,0,0,0,0,0,0,0,0,0,0,0,0,0,0,0,0,0,0,0,0,0,0.0,0
"Thursday, May 18, 2023 10:00 PM EDT",1017,1011,72.9,50,82.2,74,73.1,87.8,82.2,87.8,180,0.0,0.0,0.0,0.00,0.00,0.00,0,0.00,32.0,0,32.0,32.0,32.0,0,32.0,32.0,32.0,0,32.0,32.0,32.0,0,32.0,32.0,32.0,0,32.0,32.0,32.0,0,32.0,32.0,32.0,0,32.0,32.0,0,0,0,0,0,0,0,0,0,0,0,0,0,0,0.0,0,0,0,0,0,0,0,0,0,0,0,0,0,0,0,0,0,0,0,0,0,0,0,0,0,0,0,0.0,0
"Thursday, May 18, 2023 10:05 PM EDT",1017,1011,73.4,50,82.0,74,72.9,87.4,82.0,87.4,180,1.6,1.6,1.6,0.00,0.00,0.00,0,0.00,32.0,0,32.0,32.0,32.0,0,32.0,32.0,32.0,0,32.0,32.0,32.0,0,32.0,32.0,32.0,0,32.0,32.0,32.0,0,32.0,32.0,32.0,0,32.0,32.0,0,0,0,0,0,0,0,0,0,0,0,0,0,0,0.0,0,0,0,0,0,0,0,0,0,0,0,0,0,0,0,0,0,0,0,0,0,0,0,0,0,0,0,0.0,0
"Thursday, May 18, 2023 10:10 PM EDT",1017,1011,73.6,49,81.9,75,73.2,87.3,81.9,87.3,180,0.0,0.0,0.0,0.00,0.00,0.00,0,0.00,32.0,0,32.0,32.0,32.0,0,32.0,32.0,32.0,0,32.0,32.0,32.0,0,32.0,32.0,32.0,0,32.0,32.0,32.0,0,32.0,32.0,32.0,0,32.0,32.0,0,0,0,0,0,0,0,0,0,0,0,0,0,0,0.0,0,0,0,0,0,0,0,0,0,0,0,0,0,0,0,0,0,0,0,0,0,0,0,0,0,0,0,0.0,0
"Thursday, May 18, 2023 10:15 PM EDT",1017,1011,73.0,48,81.9,74,72.8,87.0,81.9,87.0,180,0.0,0.0,0.0,0.00,0.00,0.00,0,0.00,32.0,0,32.0,32.0,32.0,0,32.0,32.0,32.0,0,32.0,32.0,32.0,0,32.0,32.0,32.0,0,32.0,32.0,32.0,0,32.0,32.0,32.0,0,32.0,32.0,0,0,0,0,0,0,0,0,0,0,0,0,0,0,0.0,0,0,0,0,0,0,0,0,0,0,0,0,0,0,0,0,0,0,0,0,0,0,0,0,0,0,0,0.0,0
"Thursday, May 18, 2023 10:20 PM EDT",1017,1011,73.0,50,81.9,75,73.2,87.3,81.9,87.3,180,2.5,2.5,2.5,0.00,0.00,0.00,0,0.00,32.0,0,32.0,32.0,32.0,0,32.0,32.0,32.0,0,32.0,32.0,32.0,0,32.0,32.0,32.0,0,32.0,32.0,32.0,0,32.0,32.0,32.0,0,32.0,32.0,0,0,0,0,0,0,0,0,0,0,0,0,0,0,0.0,0,0,0,0,0,0,0,0,0,0,0,0,0,0,0,0,0,0,0,0,0,0,0,0,0,0,0,0.0,0
"Thursday, May 18, 2023 10:25 PM EDT",1017,1011,73.6,50,81.9,75,73.2,87.3,81.9,87.3,180,2.0,2.0,2.0,0.00,0.00,0.00,0,0.00,32.0,0,32.0,32.0,32.0,0,32.0,32.0,32.0,0,32.0,32.0,32.0,0,32.0,32.0,32.0,0,32.0,32.0,32.0,0,32.0,32.0,32.0,0,32.0,32.0,0,0,0,0,0,0,0,0,0,0,0,0,0,0,0.0,0,0,0,0,0,0,0,0,0,0,0,0,0,0,0,0,0,0,0,0,0,0,0,0,0,0,0,0.0,0
"Thursday, May 18, 2023 10:30 PM EDT",1017,1011,73.6,49,81.9,75,73.2,87.3,81.9,87.3,183,2.5,2.5,2.5,0.00,0.00,0.00,0,0.00,32.0,0,32.0,32.0,32.0,0,32.0,32.0,32.0,0,32.0,32.0,32.0,0,32.0,32.0,32.0,0,32.0,32.0,32.0,0,32.0,32.0,32.0,0,32.0,32.0,0,0,0,0,0,0,0,0,0,0,0,0,0,0,0.0,0,0,0,0,0,0,0,0,0,0,0,0,0,0,0,0,0,0,0,0,0,0,0,0,0,0,0,0.0,0
"Thursday, May 18, 2023 10:35 PM EDT",1017,1011,73.0,48,81.9,76,73.6,87.5,81.9,87.5,180,1.6,1.6,1.6,0.00,0.00,0.00,0,0.00,32.0,0,32.0,32.0,32.0,0,32.0,32.0,32.0,0,32.0,32.0,32.0,0,32.0,32.0,32.0,0,32.0,32.0,32.0,0,32.0,32.0,32.0,0,32.0,32.0,0,0,0,0,0,0,0,0,0,0,0,0,0,0,0.0,0,0,0,0,0,0,0,0,0,0,0,0,0,0,0,0,0,0,0,0,0,0,0,0,0,0,0,0.0,0
"Thursday, May 18, 2023 10:40 PM EDT",1017,1011,73.2,50,81.9,76,73.6,87.5,81.9,87.5,183,2.2,2.2,2.2,0.00,0.00,0.00,0,0.00,32.0,0,32.0,32.0,32.0,0,32.0,32.0,32.0,0,32.0,32.0,32.0,0,32.0,32.0,32.0,0,32.0,32.0,32.0,0,32.0,32.0,32.0,0,32.0,32.0,0,0,0,0,0,0,0,0,0,0,0,0,0,0,0.0,0,0,0,0,0,0,0,0,0,0,0,0,0,0,0,0,0,0,0,0,0,0,0,0,0,0,0,0.0,0
"Thursday, May 18, 2023 10:45 PM EDT",1017,1011,73.6,50,81.9,76,73.6,87.5,81.9,87.5,184,0.0,0.0,0.0,0.00,0.00,0.00,0,0.00,32.0,0,32.0,32.0,32.0,0,32.0,32.0,32.0,0,32.0,32.0,32.0,0,32.0,32.0,32.0,0,32.0,32.0,32.0,0,32.0,32.0,32.0,0,32.0,32.0,0,0,0,0,0,0,0,0,0,0,0,0,0,0,0.0,0,0,0,0,0,0,0,0,0,0,0,0,0,0,0,0,0,0,0,0,0,0,0,0,0,0,0,0.0,0
"Thursday, May 18, 2023 10:50 PM EDT",1017,1011,73.6,49,81.9,77,73.9,87.7,81.9,87.7,184,1.3,1.3,1.3,0.00,0.00,0.00,0,0.00,32.0,0,32.0,32.0,32.0,0,32.0,32.0,32.0,0,32.0,32.0,32.0,0,32.0,32.0,32.0,0,32.0,32.0,32.0,0,32.0,32.0,32.0,0,32.0,32.0,0,0,0,0,0,0,0,0,0,0,0,0,0,0,0.0,0,0,0,0,0,0,0,0,0,0,0,0,0,0,0,0,0,0,0,0,0,0,0,0,0,0,0,0.0,0
"Thursday, May 18, 2023 10:55 PM EDT",1017,1011,73.2,48,81.7,76,73.4,87.1,81.7,87.1,180,2.0,2.0,2.0,0.00,0.00,0.00,0,0.00,32.0,0,32.0,32.0,32.0,0,32.0,32.0,32.0,0,32.0,32.0,32.0,0,32.0,32.0,32.0,0,32.0,32.0,32.0,0,32.0,32.0,32.0,0,32.0,32.0,0,0,0,0,0,0,0,0,0,0,0,0,0,0,0.0,0,0,0,0,0,0,0,0,0,0,0,0,0,0,0,0,0,0,0,0,0,0,0,0,0,0,0,0.0,0
"Thursday, May 18, 2023 11:00 PM EDT",1017,1011,73.2,50,81.7,76,73.4,87.1,81.7,87.1,180,1.3,1.3,1.3,0.00,0.00,0.00,0,0.00,32.0,0,32.0,32.0,32.0,0,32.0,32.0,32.0,0,32.0,32.0,32.0,0,32.0,32.0,32.0,0,32.0,32.0,32.0,0,32.0,32.0,32.0,0,32.0,32.0,0,0,0,0,0,0,0,0,0,0,0,0,0,0,0.0,0,0,0,0,0,0,0,0,0,0,0,0,0,0,0,0,0,0,0,0,0,0,0,0,0,0,0,0.0,0
"Thursday, May 18, 2023 11:05 PM EDT",1017,1011,73.8,50,81.7,75,73.0,86.9,81.7,86.9,180,2.7,2.7,2.7,0.00,0.00,0.00,0,0.00,32.0,0,32.0,32.0,32.0,0,32.0,32.0,32.0,0,32.0,32.0,32.0,0,32.0,32.0,32.0,0,32.0,32.0,32.0,0,32.0,32.0,32.0,0,32.0,32.0,0,0,0,0,0,0,0,0,0,0,0,0,0,0,0.0,0,0,0,0,0,0,0,0,0,0,0,0,0,0,0,0,0,0,0,0,0,0,0,0,0,0,0,0.0,0
"Thursday, May 18, 2023 11:10 PM EDT",1017,1012,73.6,49,81.9,75,73.2,87.3,81.9,87.3,180,0.0,0.0,0.0,0.00,0.00,0.00,0,0.00,32.0,0,32.0,32.0,32.0,0,32.0,32.0,32.0,0,32.0,32.0,32.0,0,32.0,32.0,32.0,0,32.0,32.0,32.0,0,32.0,32.0,32.0,0,32.0,32.0,0,0,0,0,0,0,0,0,0,0,0,0,0,0,0.0,0,0,0,0,0,0,0,0,0,0,0,0,0,0,0,0,0,0,0,0,0,0,0,0,0,0,0,0.0,0
"Thursday, May 18, 2023 11:15 PM EDT",1017,1012,73.0,48,82.0,75,73.3,87.7,82.0,87.7,180,2.0,2.0,2.0,0.00,0.00,0.00,0,0.00,32.0,0,32.0,32.0,32.0,0,32.0,32.0,32.0,0,32.0,32.0,32.0,0,32.0,32.0,32.0,0,32.0,32.0,32.0,0,32.0,32.0,32.0,0,32.0,32.0,0,0,0,0,0,0,0,0,0,0,0,0,0,0,0.0,0,0,0,0,0,0,0,0,0,0,0,0,0,0,0,0,0,0,0,0,0,0,0,0,0,0,0,0.0,0
"Thursday, May 18, 2023 11:20 PM EDT",1017,1011,73.2,50,81.9,75,73.2,87.3,81.9,87.3,184,2.7,2.7,2.7,0.00,0.00,0.00,0,0.00,32.0,0,32.0,32.0,32.0,0,32.0,32.0,32.0,0,32.0,32.0,32.0,0,32.0,32.0,32.0,0,32.0,32.0,32.0,0,32.0,32.0,32.0,0,32.0,32.0,0,0,0,0,0,0,0,0,0,0,0,0,0,0,0.0,0,0,0,0,0,0,0,0,0,0,0,0,0,0,0,0,0,0,0,0,0,0,0,0,0,0,0,0.0,0
"Thursday, May 18, 2023 11:25 PM EDT",1017,1012,73.8,50,82.0,75,73.3,87.7,82.0,87.7,178,3.6,3.6,3.8,0.00,0.00,0.00,0,0.00,32.0,0,32.0,32.0,32.0,0,32.0,32.0,32.0,0,32.0,32.0,32.0,0,32.0,32.0,32.0,0,32.0,32.0,32.0,0,32.0,32.0,32.0,0,32.0,32.0,0,0,0,0,0,0,0,0,0,0,0,0,0,0,0.0,0,0,0,0,0,0,0,0,0,0,0,0,0,0,0,0,0,0,0,0,0,0,0,0,0,0,0,0.0,0
"Thursday, May 18, 2023 11:30 PM EDT",1017,1011,73.6,49,81.9,76,73.6,87.5,81.9,87.5,184,2.5,2.5,2.5,0.00,0.00,0.00,0,0.00,32.0,0,32.0,32.0,32.0,0,32.0,32.0,32.0,0,32.0,32.0,32.0,0,32.0,32.0,32.0,0,32.0,32.0,32.0,0,32.0,32.0,32.0,0,32.0,32.0,0,0,0,0,0,0,0,0,0,0,0,0,0,0,0.0,0,0,0,0,0,0,0,0,0,0,0,0,0,0,0,0,0,0,0,0,0,0,0,0,0,0,0,0.0,0
"Thursday, May 18, 2023 11:35 PM EDT",1017,1012,73.0,48,81.9,75,73.2,87.3,81.9,87.3,184,2.0,2.0,2.0,0.00,0.00,0.00,0,0.00,32.0,0,32.0,32.0,32.0,0,32.0,32.0,32.0,0,32.0,32.0,32.0,0,32.0,32.0,32.0,0,32.0,32.0,32.0,0,32.0,32.0,32.0,0,32.0,32.0,0,0,0,0,0,0,0,0,0,0,0,0,0,0,0.0,0,0,0,0,0,0,0,0,0,0,0,0,0,0,0,0,0,0,0,0,0,0,0,0,0,0,0,0.0,0
"Thursday, May 18, 2023 11:40 PM EDT",1017,1011,73.2,50,81.9,76,73.6,87.5,81.9,87.5,186,1.6,1.6,1.6,0.00,0.00,0.00,0,0.00,32.0,0,32.0,32.0,32.0,0,32.0,32.0,32.0,0,32.0,32.0,32.0,0,32.0,32.0,32.0,0,32.0,32.0,32.0,0,32.0,32.0,32.0,0,32.0,32.0,0,0,0,0,0,0,0,0,0,0,0,0,0,0,0.0,0,0,0,0,0,0,0,0,0,0,0,0,0,0,0,0,0,0,0,0,0,0,0,0,0,0,0,0.0,0
"Thursday, May 18, 2023 11:45 PM EDT",1017,1011,73.9,50,81.9,76,73.6,87.5,81.9,87.5,186,1.3,1.3,1.3,0.00,0.00,0.00,0,0.00,32.0,0,32.0,32.0,32.0,0,32.0,32.0,32.0,0,32.0,32.0,32.0,0,32.0,32.0,32.0,0,32.0,32.0,32.0,0,32.0,32.0,32.0,0,32.0,32.0,0,0,0,0,0,0,0,0,0,0,0,0,0,0,0.0,0,0,0,0,0,0,0,0,0,0,0,0,0,0,0,0,0,0,0,0,0,0,0,0,0,0,0,0.0,0
"Thursday, May 18, 2023 11:50 PM EDT",1017,1012,73.6,49,81.9,77,73.9,87.7,81.9,87.7,204,2.0,2.0,2.0,0.00,0.00,0.00,0,0.00,32.0,0,32.0,32.0,32.0,0,32.0,32.0,32.0,0,32.0,32.0,32.0,0,32.0,32.0,32.0,0,32.0,32.0,32.0,0,32.0,32.0,32.0,0,32.0,32.0,0,0,0,0,0,0,0,0,0,0,0,0,0,0,0.0,0,0,0,0,0,0,0,0,0,0,0,0,0,0,0,0,0,0,0,0,0,0,0,0,0,0,0,0.0,0
"Thursday, May 18, 2023 11:55 PM EDT",1017,1011,73.0,49,81.7,78,74.2,87.6,81.7,87.6,192,2.2,2.2,2.2,0.00,0.00,0.00,0,0.00,32.0,0,32.0,32.0,32.0,0,32.0,32.0,32.0,0,32.0,32.0,32.0,0,32.0,32.0,32.0,0,32.0,32.0,32.0,0,32.0,32.0,32.0,0,32.0,32.0,0,0,0,0,0,0,0,0,0,0,0,0,0,0,0.0,0,0,0,0,0,0,0,0,0,0,0,0,0,0,0,0,0,0,0,0,0,0,0,0,0,0,0,0.0,0
"Friday, May 19, 2023 12:00 AM EDT",1017,1011,73.4,50,81.3,80,74.6,87.2,81.3,87.2,150,4.9,4.9,5.6,0.00,0.00,0.00,0,0.00,32.0,0,32.0,32.0,32.0,0,32.0,32.0,32.0,0,32.0,32.0,32.0,0,32.0,32.0,32.0,0,32.0,32.0,32.0,0,32.0,32.0,32.0,0,32.0,32.0,0,0,0,0,0,0,0,0,0,0,0,0,0,0,0.0,0,0,0,0,0,0,0,0,0,0,0,0,0,0,0,0,0,0,0,0,0,0,0,0,0,0,0,0.0,0
"Friday, May 19, 2023 12:05 AM EDT",1017,1011,73.9,50,81.1,80,74.4,86.8,81.1,86.8,195,2.2,2.2,2.2,0.00,0.00,0.00,0,0.00,32.0,0,32.0,32.0,32.0,0,32.0,32.0,32.0,0,32.0,32.0,32.0,0,32.0,32.0,32.0,0,32.0,32.0,32.0,0,32.0,32.0,32.0,0,32.0,32.0,0,0,0,0,0,0,0,0,0,0,0,0,0,0,0.0,0,0,0,0,0,0,0,0,0,0,0,0,0,0,0,0,0,0,0,0,0,0,0,0,0,0,0,0.0,0
"Friday, May 19, 2023 12:10 AM EDT",1017,1011,73.8,49,81.1,79,74.0,86.6,81.1,86.6,180,2.0,2.0,2.0,0.00,0.00,0.00,0,0.00,32.0,0,32.0,32.0,32.0,0,32.0,32.0,32.0,0,32.0,32.0,32.0,0,32.0,32.0,32.0,0,32.0,32.0,32.0,0,32.0,32.0,32.0,0,32.0,32.0,0,0,0,0,0,0,0,0,0,0,0,0,0,0,0.0,0,0,0,0,0,0,0,0,0,0,0,0,0,0,0,0,0,0,0,0,0,0,0,0,0,0,0,0.0,0
"Friday, May 19, 2023 12:15 AM EDT",1017,1011,73.0,48,81.1,80,74.4,86.8,81.1,86.8,186,0.0,0.0,0.0,0.00,0.00,0.00,0,0.00,32.0,0,32.0,32.0,32.0,0,32.0,32.0,32.0,0,32.0,32.0,32.0,0,32.0,32.0,32.0,0,32.0,32.0,32.0,0,32.0,32.0,32.0,0,32.0,32.0,0,0,0,0,0,0,0,0,0,0,0,0,0,0,0.0,0,0,0,0,0,0,0,0,0,0,0,0,0,0,0,0,0,0,0,0,0,0,0,0,0,0,0,0.0,0
"Friday, May 19, 2023 12:20 AM EDT",1017,1012,73.2,50,81.0,80,74.2,86.3,81.0,86.3,186,0.0,0.0,0.0,0.00,0.00,0.00,0,0.00,32.0,0,32.0,32.0,32.0,0,32.0,32.0,32.0,0,32.0,32.0,32.0,0,32.0,32.0,32.0,0,32.0,32.0,32.0,0,32.0,32.0,32.0,0,32.0,32.0,0,0,0,0,0,0,0,0,0,0,0,0,0,0,0.0,0,0,0,0,0,0,0,0,0,0,0,0,0,0,0,0,0,0,0,0,0,0,0,0,0,0,0,0.0,0
"Friday, May 19, 2023 12:25 AM EDT",1017,1012,73.8,51,81.0,79,73.8,86.2,81.0,86.2,180,1.8,1.8,1.8,0.00,0.00,0.00,0,0.00,32.0,0,32.0,32.0,32.0,0,32.0,32.0,32.0,0,32.0,32.0,32.0,0,32.0,32.0,32.0,0,32.0,32.0,32.0,0,32.0,32.0,32.0,0,32.0,32.0,0,0,0,0,0,0,0,0,0,0,0,0,0,0,0.0,0,0,0,0,0,0,0,0,0,0,0,0,0,0,0,0,0,0,0,0,0,0,0,0,0,0,0,0.0,0
"Friday, May 19, 2023 12:30 AM EDT",1018,1012,73.4,49,81.0,79,73.8,86.2,81.0,86.2,180,0.0,0.0,0.0,0.00,0.00,0.00,0,0.00,32.0,0,32.0,32.0,32.0,0,32.0,32.0,32.0,0,32.0,32.0,32.0,0,32.0,32.0,32.0,0,32.0,32.0,32.0,0,32.0,32.0,32.0,0,32.0,32.0,0,0,0,0,0,0,0,0,0,0,0,0,0,0,0.0,0,0,0,0,0,0,0,0,0,0,0,0,0,0,0,0,0,0,0,0,0,0,0,0,0,0,0,0.0,0
"Friday, May 19, 2023 12:35 AM EDT",1018,1012,73.0,49,81.0,79,73.8,86.2,81.0,86.2,180,0.0,0.0,0.0,0.00,0.00,0.00,0,0.00,32.0,0,32.0,32.0,32.0,0,32.0,32.0,32.0,0,32.0,32.0,32.0,0,32.0,32.0,32.0,0,32.0,32.0,32.0,0,32.0,32.0,32.0,0,32.0,32.0,0,0,0,0,0,0,0,0,0,0,0,0,0,0,0.0,0,0,0,0,0,0,0,0,0,0,0,0,0,0,0,0,0,0,0,0,0,0,0,0,0,0,0,0.0,0
"Friday, May 19, 2023 12:40 AM EDT",1018,1012,73.2,50,80.8,78,73.3,85.6,80.8,85.6,180,2.7,2.7,2.7,0.00,0.00,0.00,0,0.00,32.0,0,32.0,32.0,32.0,0,32.0,32.0,32.0,0,32.0,32.0,32.0,0,32.0,32.0,32.0,0,32.0,32.0,32.0,0,32.0,32.0,32.0,0,32.0,32.0,0,0,0,0,0,0,0,0,0,0,0,0,0,0,0.0,0,0,0,0,0,0,0,0,0,0,0,0,0,0,0,0,0,0,0,0,0,0,0,0,0,0,0,0.0,0
"Friday, May 19, 2023 12:45 AM EDT",1017,1012,73.8,51,81.0,78,73.5,86.0,81.0,86.0,183,2.2,2.2,2.2,0.00,0.00,0.00,0,0.00,32.0,0,32.0,32.0,32.0,0,32.0,32.0,32.0,0,32.0,32.0,32.0,0,32.0,32.0,32.0,0,32.0,32.0,32.0,0,32.0,32.0,32.0,0,32.0,32.0,0,0,0,0,0,0,0,0,0,0,0,0,0,0,0.0,0,0,0,0,0,0,0,0,0,0,0,0,0,0,0,0,0,0,0,0,0,0,0,0,0,0,0,0.0,0
"Friday, May 19, 2023 12:50 AM EDT",1018,1012,73.6,49,81.0,78,73.5,86.0,81.0,86.0,183,0.0,0.0,0.0,0.00,0.00,0.00,0,0.00,32.0,0,32.0,32.0,32.0,0,32.0,32.0,32.0,0,32.0,32.0,32.0,0,32.0,32.0,32.0,0,32.0,32.0,32.0,0,32.0,32.0,32.0,0,32.0,32.0,0,0,0,0,0,0,0,0,0,0,0,0,0,0,0.0,0,0,0,0,0,0,0,0,0,0,0,0,0,0,0,0,0,0,0,0,0,0,0,0,0,0,0,0.0,0
"Friday, May 19, 2023 12:55 AM EDT",1017,1011,73.0,49,80.4,78,72.9,84.8,80.4,84.8,184,0.0,0.0,0.0,0.00,0.00,0.00,0,0.00,32.0,0,32.0,32.0,32.0,0,32.0,32.0,32.0,0,32.0,32.0,32.0,0,32.0,32.0,32.0,0,32.0,32.0,32.0,0,32.0,32.0,32.0,0,32.0,32.0,0,0,0,0,0,0,0,0,0,0,0,0,0,0,0.0,0,0,0,0,0,0,0,0,0,0,0,0,0,0,0,0,0,0,0,0,0,0,0,0,0,0,0,0.0,0
"Friday, May 19, 2023 1:00 AM EDT",1017,1012,73.4,50,80.2,78,72.8,84.5,80.2,84.5,183,0.0,0.0,0.0,0.00,0.00,0.00,0,0.00,32.0,0,32.0,32.0,32.0,0,32.0,32.0,32.0,0,32.0,32.0,32.0,0,32.0,32.0,32.0,0,32.0,32.0,32.0,0,32.0,32.0,32.0,0,32.0,32.0,0,0,0,0,0,0,0,0,0,0,0,0,0,0,0.0,0,0,0,0,0,0,0,0,0,0,0,0,0,0,0,0,0,0,0,0,0,0,0,0,0,0,0,0.0,0
"Friday, May 19, 2023 1:05 AM EDT",1017,1012,73.9,50,80.2,77,72.4,84.3,80.2,84.3,183,0.0,0.0,0.0,0.00,0.00,0.00,0,0.00,32.0,0,32.0,32.0,32.0,0,32.0,32.0,32.0,0,32.0,32.0,32.0,0,32.0,32.0,32.0,0,32.0,32.0,32.0,0,32.0,32.0,32.0,0,32.0,32.0,0,0,0,0,0,0,0,0,0,0,0,0,0,0,0.0,0,0,0,0,0,0,0,0,0,0,0,0,0,0,0,0,0,0,0,0,0,0,0,0,0,0,0,0.0,0
"Friday, May 19, 2023 1:10 AM EDT",1018,1012,73.6,49,80.4,76,72.2,84.5,80.4,84.5,184,1.6,1.6,1.6,0.00,0.00,0.00,0,0.00,32.0,0,32.0,32.0,32.0,0,32.0,32.0,32.0,0,32.0,32.0,32.0,0,32.0,32.0,32.0,0,32.0,32.0,32.0,0,32.0,32.0,32.0,0,32.0,32.0,0,0,0,0,0,0,0,0,0,0,0,0,0,0,0.0,0,0,0,0,0,0,0,0,0,0,0,0,0,0,0,0,0,0,0,0,0,0,0,0,0,0,0,0.0,0
"Friday, May 19, 2023 1:15 AM EDT",1017,1012,73.0,50,80.6,76,72.3,84.9,80.6,84.9,184,1.3,1.3,1.3,0.00,0.00,0.00,0,0.00,32.0,0,32.0,32.0,32.0,0,32.0,32.0,32.0,0,32.0,32.0,32.0,0,32.0,32.0,32.0,0,32.0,32.0,32.0,0,32.0,32.0,32.0,0,32.0,32.0,0,0,0,0,0,0,0,0,0,0,0,0,0,0,0.0,0,0,0,0,0,0,0,0,0,0,0,0,0,0,0,0,0,0,0,0,0,0,0,0,0,0,0,0.0,0
"Friday, May 19, 2023 1:20 AM EDT",1017,1012,73.4,50,80.8,75,72.1,85.1,80.8,85.1,184,0.0,0.0,0.0,0.00,0.00,0.00,0,0.00,32.0,0,32.0,32.0,32.0,0,32.0,32.0,32.0,0,32.0,32.0,32.0,0,32.0,32.0,32.0,0,32.0,32.0,32.0,0,32.0,32.0,32.0,0,32.0,32.0,0,0,0,0,0,0,0,0,0,0,0,0,0,0,0.0,0,0,0,0,0,0,0,0,0,0,0,0,0,0,0,0,0,0,0,0,0,0,0,0,0,0,0,0.0,0
"Friday, May 19, 2023 1:25 AM EDT",1017,1012,73.8,51,80.8,75,72.1,85.1,80.8,85.1,183,1.6,1.6,1.6,0.00,0.00,0.00,0,0.00,32.0,0,32.0,32.0,32.0,0,32.0,32.0,32.0,0,32.0,32.0,32.0,0,32.0,32.0,32.0,0,32.0,32.0,32.0,0,32.0,32.0,32.0,0,32.0,32.0,0,0,0,0,0,0,0,0,0,0,0,0,0,0,0.0,0,0,0,0,0,0,0,0,0,0,0,0,0,0,0,0,0,0,0,0,0,0,0,0,0,0,0,0.0,0
"Friday, May 19, 2023 1:30 AM EDT",1017,1011,73.4,49,80.8,75,72.1,85.1,80.8,85.1,184,0.0,0.0,0.0,0.00,0.00,0.00,0,0.00,32.0,0,32.0,32.0,32.0,0,32.0,32.0,32.0,0,32.0,32.0,32.0,0,32.0,32.0,32.0,0,32.0,32.0,32.0,0,32.0,32.0,32.0,0,32.0,32.0,0,0,0,0,0,0,0,0,0,0,0,0,0,0,0.0,0,0,0,0,0,0,0,0,0,0,0,0,0,0,0,0,0,0,0,0,0,0,0,0,0,0,0,0.0,0
"Friday, May 19, 2023 1:35 AM EDT",1017,1011,73.2,50,80.6,76,72.3,84.9,80.6,84.9,183,0.0,0.0,0.0,0.00,0.00,0.00,0,0.00,32.0,0,32.0,32.0,32.0,0,32.0,32.0,32.0,0,32.0,32.0,32.0,0,32.0,32.0,32.0,0,32.0,32.0,32.0,0,32.0,32.0,32.0,0,32.0,32.0,0,0,0,0,0,0,0,0,0,0,0,0,0,0,0.0,0,0,0,0,0,0,0,0,0,0,0,0,0,0,0,0,0,0,0,0,0,0,0,0,0,0,0,0.0,0
"Friday, May 19, 2023 1:40 AM EDT",1017,1011,73.4,50,80.4,77,72.6,84.7,80.4,84.7,183,0.0,0.0,0.0,0.00,0.00,0.00,0,0.00,32.0,0,32.0,32.0,32.0,0,32.0,32.0,32.0,0,32.0,32.0,32.0,0,32.0,32.0,32.0,0,32.0,32.0,32.0,0,32.0,32.0,32.0,0,32.0,32.0,0,0,0,0,0,0,0,0,0,0,0,0,0,0,0.0,0,0,0,0,0,0,0,0,0,0,0,0,0,0,0,0,0,0,0,0,0,0,0,0,0,0,0,0.0,0
"Friday, May 19, 2023 1:45 AM EDT",1017,1011,73.9,50,80.4,77,72.6,84.7,80.4,84.7,183,0.0,0.0,0.0,0.00,0.00,0.00,0,0.00,32.0,0,32.0,32.0,32.0,0,32.0,32.0,32.0,0,32.0,32.0,32.0,0,32.0,32.0,32.0,0,32.0,32.0,32.0,0,32.0,32.0,32.0,0,32.0,32.0,0,0,0,0,0,0,0,0,0,0,0,0,0,0,0.0,0,0,0,0,0,0,0,0,0,0,0,0,0,0,0,0,0,0,0,0,0,0,0,0,0,0,0,0.0,0
"Friday, May 19, 2023 1:50 AM EDT",1017,1011,73.4,48,80.2,77,72.4,84.3,80.2,84.3,183,0.0,0.0,0.0,0.00,0.00,0.00,0,0.00,32.0,0,32.0,32.0,32.0,0,32.0,32.0,32.0,0,32.0,32.0,32.0,0,32.0,32.0,32.0,0,32.0,32.0,32.0,0,32.0,32.0,32.0,0,32.0,32.0,0,0,0,0,0,0,0,0,0,0,0,0,0,0,0.0,0,0,0,0,0,0,0,0,0,0,0,0,0,0,0,0,0,0,0,0,0,0,0,0,0,0,0,0.0,0
"Friday, May 19, 2023 1:55 AM EDT",1017,1011,72.9,50,80.1,76,71.8,83.8,80.1,83.8,183,0.0,0.0,0.0,0.00,0.00,0.00,0,0.00,32.0,0,32.0,32.0,32.0,0,32.0,32.0,32.0,0,32.0,32.0,32.0,0,32.0,32.0,32.0,0,32.0,32.0,32.0,0,32.0,32.0,32.0,0,32.0,32.0,0,0,0,0,0,0,0,0,0,0,0,0,0,0,0.0,0,0,0,0,0,0,0,0,0,0,0,0,0,0,0,0,0,0,0,0,0,0,0,0,0,0,0,0.0,0
"Friday, May 19, 2023 2:00 AM EDT",1017,1011,73.4,50,80.2,75,71.6,84.0,80.2,84.0,183,0.0,0.0,0.0,0.00,0.00,0.00,0,0.00,32.0,0,32.0,32.0,32.0,0,32.0,32.0,32.0,0,32.0,32.0,32.0,0,32.0,32.0,32.0,0,32.0,32.0,32.0,0,32.0,32.0,32.0,0,32.0,32.0,0,0,0,0,0,0,0,0,0,0,0,0,0,0,0.0,0,0,0,0,0,0,0,0,0,0,0,0,0,0,0,0,0,0,0,0,0,0,0,0,0,0,0,0.0,0
"Friday, May 19, 2023 2:05 AM EDT",1017,1011,73.8,50,80.2,75,71.6,84.0,80.2,84.0,183,0.0,0.0,0.0,0.00,0.00,0.00,0,0.00,32.0,0,32.0,32.0,32.0,0,32.0,32.0,32.0,0,32.0,32.0,32.0,0,32.0,32.0,32.0,0,32.0,32.0,32.0,0,32.0,32.0,32.0,0,32.0,32.0,0,0,0,0,0,0,0,0,0,0,0,0,0,0,0.0,0,0,0,0,0,0,0,0,0,0,0,0,0,0,0,0,0,0,0,0,0,0,0,0,0,0,0,0.0,0
"Friday, May 19, 2023 2:10 AM EDT",1017,1011,73.4,49,80.4,75,71.8,84.4,80.4,84.4,183,0.0,0.0,0.0,0.00,0.00,0.00,0,0.00,32.0,0,32.0,32.0,32.0,0,32.0,32.0,32.0,0,32.0,32.0,32.0,0,32.0,32.0,32.0,0,32.0,32.0,32.0,0,32.0,32.0,32.0,0,32.0,32.0,0,0,0,0,0,0,0,0,0,0,0,0,0,0,0.0,0,0,0,0,0,0,0,0,0,0,0,0,0,0,0,0,0,0,0,0,0,0,0,0,0,0,0,0.0,0
"Friday, May 19, 2023 2:15 AM EDT",1016,1011,73.0,50,80.2,76,72.0,84.2,80.2,84.2,183,0.0,0.0,0.0,0.00,0.00,0.00,0,0.00,32.0,0,32.0,32.0,32.0,0,32.0,32.0,32.0,0,32.0,32.0,32.0,0,32.0,32.0,32.0,0,32.0,32.0,32.0,0,32.0,32.0,32.0,0,32.0,32.0,0,0,0,0,0,0,0,0,0,0,0,0,0,0,0.0,0,0,0,0,0,0,0,0,0,0,0,0,0,0,0,0,0,0,0,0,0,0,0,0,0,0,0,0.0,0
"Friday, May 19, 2023 2:20 AM EDT",1017,1011,73.6,50,80.2,76,72.0,84.2,80.2,84.2,183,0.0,0.0,0.0,0.00,0.00,0.00,0,0.00,32.0,0,32.0,32.0,32.0,0,32.0,32.0,32.0,0,32.0,32.0,32.0,0,32.0,32.0,32.0,0,32.0,32.0,32.0,0,32.0,32.0,32.0,0,32.0,32.0,0,0,0,0,0,0,0,0,0,0,0,0,0,0,0.0,0,0,0,0,0,0,0,0,0,0,0,0,0,0,0,0,0,0,0,0,0,0,0,0,0,0,0,0.0,0
"Friday, May 19, 2023 2:25 AM EDT",1017,1011,73.8,50,80.2,77,72.4,84.3,80.2,84.3,183,0.0,0.0,0.0,0.00,0.00,0.00,0,0.00,32.0,0,32.0,32.0,32.0,0,32.0,32.0,32.0,0,32.0,32.0,32.0,0,32.0,32.0,32.0,0,32.0,32.0,32.0,0,32.0,32.0,32.0,0,32.0,32.0,0,0,0,0,0,0,0,0,0,0,0,0,0,0,0.0,0,0,0,0,0,0,0,0,0,0,0,0,0,0,0,0,0,0,0,0,0,0,0,0,0,0,0,0.0,0
"Friday, May 19, 2023 2:30 AM EDT",1016,1010,73.2,48,80.2,77,72.4,84.3,80.2,84.3,183,0.0,0.0,0.0,0.00,0.00,0.00,0,0.00,32.0,0,32.0,32.0,32.0,0,32.0,32.0,32.0,0,32.0,32.0,32.0,0,32.0,32.0,32.0,0,32.0,32.0,32.0,0,32.0,32.0,32.0,0,32.0,32.0,0,0,0,0,0,0,0,0,0,0,0,0,0,0,0.0,0,0,0,0,0,0,0,0,0,0,0,0,0,0,0,0,0,0,0,0,0,0,0,0,0,0,0,0.0,0
"Friday, May 19, 2023 2:35 AM EDT",1016,1010,73.2,50,80.2,77,72.4,84.3,80.2,84.3,185,1.3,1.3,1.3,0.00,0.00,0.00,0,0.00,32.0,0,32.0,32.0,32.0,0,32.0,32.0,32.0,0,32.0,32.0,32.0,0,32.0,32.0,32.0,0,32.0,32.0,32.0,0,32.0,32.0,32.0,0,32.0,32.0,0,0,0,0,0,0,0,0,0,0,0,0,0,0,0.0,0,0,0,0,0,0,0,0,0,0,0,0,0,0,0,0,0,0,0,0,0,0,0,0,0,0,0,0.0,0
"Friday, May 19, 2023 2:40 AM EDT",1016,1010,73.8,50,80.2,79,73.1,84.6,80.2,84.6,185,2.0,2.0,2.0,0.00,0.00,0.00,0,0.00,32.0,0,32.0,32.0,32.0,0,32.0,32.0,32.0,0,32.0,32.0,32.0,0,32.0,32.0,32.0,0,32.0,32.0,32.0,0,32.0,32.0,32.0,0,32.0,32.0,0,0,0,0,0,0,0,0,0,0,0,0,0,0,0.0,0,0,0,0,0,0,0,0,0,0,0,0,0,0,0,0,0,0,0,0,0,0,0,0,0,0,0,0.0,0
"Friday, May 19, 2023 2:45 AM EDT",1016,1010,73.8,50,80.4,79,73.3,85.0,80.4,85.0,184,0.0,0.0,0.0,0.00,0.00,0.00,0,0.00,32.0,0,32.0,32.0,32.0,0,32.0,32.0,32.0,0,32.0,32.0,32.0,0,32.0,32.0,32.0,0,32.0,32.0,32.0,0,32.0,32.0,32.0,0,32.0,32.0,0,0,0,0,0,0,0,0,0,0,0,0,0,0,0.0,0,0,0,0,0,0,0,0,0,0,0,0,0,0,0,0,0,0,0,0,0,0,0,0,0,0,0,0.0,0
"Friday, May 19, 2023 2:50 AM EDT",1016,1010,73.2,49,80.2,81,73.9,84.9,80.2,84.9,185,1.3,1.3,1.3,0.00,0.00,0.00,0,0.00,32.0,0,32.0,32.0,32.0,0,32.0,32.0,32.0,0,32.0,32.0,32.0,0,32.0,32.0,32.0,0,32.0,32.0,32.0,0,32.0,32.0,32.0,0,32.0,32.0,0,0,0,0,0,0,0,0,0,0,0,0,0,0,0.0,0,0,0,0,0,0,0,0,0,0,0,0,0,0,0,0,0,0,0,0,0,0,0,0,0,0,0,0.0,0
"Friday, May 19, 2023 2:55 AM EDT",1016,1010,73.4,50,80.2,81,73.9,84.9,80.2,84.9,185,0.0,0.0,0.0,0.00,0.00,0.00,0,0.00,32.0,0,32.0,32.0,32.0,0,32.0,32.0,32.0,0,32.0,32.0,32.0,0,32.0,32.0,32.0,0,32.0,32.0,32.0,0,32.0,32.0,32.0,0,32.0,32.0,0,0,0,0,0,0,0,0,0,0,0,0,0,0,0.0,0,0,0,0,0,0,0,0,0,0,0,0,0,0,0,0,0,0,0,0,0,0,0,0,0,0,0,0.0,0
"Friday, May 19, 2023 3:00 AM EDT",1016,1010,73.9,50,80.2,81,73.9,84.9,80.2,84.9,185,0.0,0.0,0.0,0.00,0.00,0.00,0,0.00,32.0,0,32.0,32.0,32.0,0,32.0,32.0,32.0,0,32.0,32.0,32.0,0,32.0,32.0,32.0,0,32.0,32.0,32.0,0,32.0,32.0,32.0,0,32.0,32.0,0,0,0,0,0,0,0,0,0,0,0,0,0,0,0.0,0,0,0,0,0,0,0,0,0,0,0,0,0,0,0,0,0,0,0,0,0,0,0,0,0,0,0,0.0,0
"Friday, May 19, 2023 3:05 AM EDT",1016,1010,73.6,49,80.1,82,74.1,84.6,80.1,84.6,186,0.0,0.0,0.0,0.00,0.00,0.00,0,0.00,32.0,0,32.0,32.0,32.0,0,32.0,32.0,32.0,0,32.0,32.0,32.0,0,32.0,32.0,32.0,0,32.0,32.0,32.0,0,32.0,32.0,32.0,0,32.0,32.0,0,0,0,0,0,0,0,0,0,0,0,0,0,0,0.0,0,0,0,0,0,0,0,0,0,0,0,0,0,0,0,0,0,0,0,0,0,0,0,0,0,0,0,0.0,0
"Friday, May 19, 2023 3:10 AM EDT",1016,1010,73.0,49,80.1,82,74.1,84.6,80.1,84.6,184,1.3,1.3,1.3,0.00,0.00,0.00,0,0.00,32.0,0,32.0,32.0,32.0,0,32.0,32.0,32.0,0,32.0,32.0,32.0,0,32.0,32.0,32.0,0,32.0,32.0,32.0,0,32.0,32.0,32.0,0,32.0,32.0,0,0,0,0,0,0,0,0,0,0,0,0,0,0,0.0,0,0,0,0,0,0,0,0,0,0,0,0,0,0,0,0,0,0,0,0,0,0,0,0,0,0,0,0.0,0
"Friday, May 19, 2023 3:15 AM EDT",1016,1010,73.4,50,80.2,82,74.2,85.0,80.2,85.0,184,0.0,0.0,0.0,0.00,0.00,0.00,0,0.00,32.0,0,32.0,32.0,32.0,0,32.0,32.0,32.0,0,32.0,32.0,32.0,0,32.0,32.0,32.0,0,32.0,32.0,32.0,0,32.0,32.0,32.0,0,32.0,32.0,0,0,0,0,0,0,0,0,0,0,0,0,0,0,0.0,0,0,0,0,0,0,0,0,0,0,0,0,0,0,0,0,0,0,0,0,0,0,0,0,0,0,0,0.0,0
"Friday, May 19, 2023 3:20 AM EDT",1016,1010,73.9,50,80.1,83,74.4,84.8,80.1,84.8,138,0.0,0.0,0.0,0.00,0.00,0.00,0,0.00,32.0,0,32.0,32.0,32.0,0,32.0,32.0,32.0,0,32.0,32.0,32.0,0,32.0,32.0,32.0,0,32.0,32.0,32.0,0,32.0,32.0,32.0,0,32.0,32.0,0,0,0,0,0,0,0,0,0,0,0,0,0,0,0.0,0,0,0,0,0,0,0,0,0,0,0,0,0,0,0,0,0,0,0,0,0,0,0,0,0,0,0,0.0,0
"Friday, May 19, 2023 3:25 AM EDT",1016,1010,73.6,49,80.1,83,74.4,84.8,80.1,84.8,138,0.0,0.0,0.0,0.00,0.00,0.00,0,0.00,32.0,0,32.0,32.0,32.0,0,32.0,32.0,32.0,0,32.0,32.0,32.0,0,32.0,32.0,32.0,0,32.0,32.0,32.0,0,32.0,32.0,32.0,0,32.0,32.0,0,0,0,0,0,0,0,0,0,0,0,0,0,0,0.0,0,0,0,0,0,0,0,0,0,0,0,0,0,0,0,0,0,0,0,0,0,0,0,0,0,0,0,0.0,0
"Friday, May 19, 2023 3:30 AM EDT",1016,1010,73.0,49,80.1,82,74.1,84.6,80.1,84.6,162,2.0,2.0,2.0,0.00,0.00,0.00,0,0.00,32.0,0,32.0,32.0,32.0,0,32.0,32.0,32.0,0,32.0,32.0,32.0,0,32.0,32.0,32.0,0,32.0,32.0,32.0,0,32.0,32.0,32.0,0,32.0,32.0,0,0,0,0,0,0,0,0,0,0,0,0,0,0,0.0,0,0,0,0,0,0,0,0,0,0,0,0,0,0,0,0,0,0,0,0,0,0,0,0,0,0,0,0.0,0
"Friday, May 19, 2023 3:35 AM EDT",1016,1010,73.2,50,80.2,83,74.6,85.2,80.2,85.2,171,1.6,1.6,1.6,0.00,0.00,0.00,0,0.00,32.0,0,32.0,32.0,32.0,0,32.0,32.0,32.0,0,32.0,32.0,32.0,0,32.0,32.0,32.0,0,32.0,32.0,32.0,0,32.0,32.0,32.0,0,32.0,32.0,0,0,0,0,0,0,0,0,0,0,0,0,0,0,0.0,0,0,0,0,0,0,0,0,0,0,0,0,0,0,0,0,0,0,0,0,0,0,0,0,0,0,0,0.0,0
"Friday, May 19, 2023 3:40 AM EDT",1016,1010,73.8,50,80.2,83,74.6,85.2,80.2,85.2,171,0.0,0.0,0.0,0.00,0.00,0.00,0,0.00,32.0,0,32.0,32.0,32.0,0,32.0,32.0,32.0,0,32.0,32.0,32.0,0,32.0,32.0,32.0,0,32.0,32.0,32.0,0,32.0,32.0,32.0,0,32.0,32.0,0,0,0,0,0,0,0,0,0,0,0,0,0,0,0.0,0,0,0,0,0,0,0,0,0,0,0,0,0,0,0,0,0,0,0,0,0,0,0,0,0,0,0,0.0,0
"Friday, May 19, 2023 3:45 AM EDT",1016,1010,73.6,49,80.2,82,74.2,85.0,80.2,85.0,172,1.6,1.6,1.6,0.00,0.00,0.00,0,0.00,32.0,0,32.0,32.0,32.0,0,32.0,32.0,32.0,0,32.0,32.0,32.0,0,32.0,32.0,32.0,0,32.0,32.0,32.0,0,32.0,32.0,32.0,0,32.0,32.0,0,0,0,0,0,0,0,0,0,0,0,0,0,0,0.0,0,0,0,0,0,0,0,0,0,0,0,0,0,0,0,0,0,0,0,0,0,0,0,0,0,0,0,0.0,0
"Friday, May 19, 2023 3:50 AM EDT",1016,1010,73.0,50,79.9,83,74.3,84.4,79.9,84.4,172,0.0,0.0,0.0,0.00,0.00,0.00,0,0.00,32.0,0,32.0,32.0,32.0,0,32.0,32.0,32.0,0,32.0,32.0,32.0,0,32.0,32.0,32.0,0,32.0,32.0,32.0,0,32.0,32.0,32.0,0,32.0,32.0,0,0,0,0,0,0,0,0,0,0,0,0,0,0,0.0,0,0,0,0,0,0,0,0,0,0,0,0,0,0,0,0,0,0,0,0,0,0,0,0,0,0,0,0.0,0
"Friday, May 19, 2023 3:55 AM EDT",1016,1010,73.4,50,79.5,83,73.9,83.6,79.5,83.6,174,0.0,0.0,0.0,0.00,0.00,0.00,0,0.00,32.0,0,32.0,32.0,32.0,0,32.0,32.0,32.0,0,32.0,32.0,32.0,0,32.0,32.0,32.0,0,32.0,32.0,32.0,0,32.0,32.0,32.0,0,32.0,32.0,0,0,0,0,0,0,0,0,0,0,0,0,0,0,0.0,0,0,0,0,0,0,0,0,0,0,0,0,0,0,0,0,0,0,0,0,0,0,0,0,0,0,0,0.0,0
"Friday, May 19, 2023 4:00 AM EDT",1016,1010,73.9,51,79.0,83,73.4,82.4,79.0,82.4,177,1.3,1.3,1.3,0.00,0.00,0.00,0,0.00,32.0,0,32.0,32.0,32.0,0,32.0,32.0,32.0,0,32.0,32.0,32.0,0,32.0,32.0,32.0,0,32.0,32.0,32.0,0,32.0,32.0,32.0,0,32.0,32.0,0,0,0,0,0,0,0,0,0,0,0,0,0,0,0.0,0,0,0,0,0,0,0,0,0,0,0,0,0,0,0,0,0,0,0,0,0,0,0,0,0,0,0,0.0,0
"Friday, May 19, 2023 4:05 AM EDT",1016,1010,73.4,49,79.0,82,73.0,82.3,79.0,82.3,177,1.3,1.3,1.3,0.00,0.00,0.00,0,0.00,32.0,0,32.0,32.0,32.0,0,32.0,32.0,32.0,0,32.0,32.0,32.0,0,32.0,32.0,32.0,0,32.0,32.0,32.0,0,32.0,32.0,32.0,0,32.0,32.0,0,0,0,0,0,0,0,0,0,0,0,0,0,0,0.0,0,0,0,0,0,0,0,0,0,0,0,0,0,0,0,0,0,0,0,0,0,0,0,0,0,0,0,0.0,0
"Friday, May 19, 2023 4:10 AM EDT",1016,1010,73.0,51,78.8,82,72.8,81.9,78.8,78.8,177,0.0,0.0,0.0,0.00,0.00,0.00,0,0.00,32.0,0,32.0,32.0,32.0,0,32.0,32.0,32.0,0,32.0,32.0,32.0,0,32.0,32.0,32.0,0,32.0,32.0,32.0,0,32.0,32.0,32.0,0,32.0,32.0,0,0,0,0,0,0,0,0,0,0,0,0,0,0,0.0,0,0,0,0,0,0,0,0,0,0,0,0,0,0,0,0,0,0,0,0,0,0,0,0,0,0,0,0.0,0
"Friday, May 19, 2023 4:15 AM EDT",1016,1010,73.4,51,78.8,82,72.8,81.9,78.8,78.8,174,0.0,0.0,0.0,0.00,0.00,0.00,0,0.00,32.0,0,32.0,32.0,32.0,0,32.0,32.0,32.0,0,32.0,32.0,32.0,0,32.0,32.0,32.0,0,32.0,32.0,32.0,0,32.0,32.0,32.0,0,32.0,32.0,0,0,0,0,0,0,0,0,0,0,0,0,0,0,0.0,0,0,0,0,0,0,0,0,0,0,0,0,0,0,0,0,0,0,0,0,0,0,0,0,0,0,0,0.0,0
"Friday, May 19, 2023 4:20 AM EDT",1016,1010,73.9,51,78.8,82,72.8,81.9,78.8,78.8,174,0.0,0.0,0.0,0.00,0.00,0.00,0,0.00,32.0,0,32.0,32.0,32.0,0,32.0,32.0,32.0,0,32.0,32.0,32.0,0,32.0,32.0,32.0,0,32.0,32.0,32.0,0,32.0,32.0,32.0,0,32.0,32.0,0,0,0,0,0,0,0,0,0,0,0,0,0,0,0.0,0,0,0,0,0,0,0,0,0,0,0,0,0,0,0,0,0,0,0,0,0,0,0,0,0,0,0,0.0,0
"Friday, May 19, 2023 4:25 AM EDT",1016,1010,73.4,49,78.4,83,72.9,81.3,78.4,78.4,174,0.0,0.0,0.0,0.00,0.00,0.00,0,0.00,32.0,0,32.0,32.0,32.0,0,32.0,32.0,32.0,0,32.0,32.0,32.0,0,32.0,32.0,32.0,0,32.0,32.0,32.0,0,32.0,32.0,32.0,0,32.0,32.0,0,0,0,0,0,0,0,0,0,0,0,0,0,0,0.0,0,0,0,0,0,0,0,0,0,0,0,0,0,0,0,0,0,0,0,0,0,0,0,0,0,0,0,0.0,0
"Friday, May 19, 2023 4:30 AM EDT",1016,1010,73.0,50,78.1,84,72.9,80.5,78.1,78.1,174,0.0,0.0,0.0,0.00,0.00,0.00,0,0.00,32.0,0,32.0,32.0,32.0,0,32.0,32.0,32.0,0,32.0,32.0,32.0,0,32.0,32.0,32.0,0,32.0,32.0,32.0,0,32.0,32.0,32.0,0,32.0,32.0,0,0,0,0,0,0,0,0,0,0,0,0,0,0,0.0,0,0,0,0,0,0,0,0,0,0,0,0,0,0,0,0,0,0,0,0,0,0,0,0,0,0,0,0.0,0
"Friday, May 19, 2023 4:35 AM EDT",1016,1010,73.6,50,78.1,84,72.9,80.5,78.1,78.1,175,0.0,0.0,0.0,0.00,0.00,0.00,0,0.00,32.0,0,32.0,32.0,32.0,0,32.0,32.0,32.0,0,32.0,32.0,32.0,0,32.0,32.0,32.0,0,32.0,32.0,32.0,0,32.0,32.0,32.0,0,32.0,32.0,0,0,0,0,0,0,0,0,0,0,0,0,0,0,0.0,0,0,0,0,0,0,0,0,0,0,0,0,0,0,0,0,0,0,0,0,0,0,0,0,0,0,0,0.0,0
"Friday, May 19, 2023 4:40 AM EDT",1016,1010,73.9,50,78.1,85,73.2,80.6,78.1,78.1,175,0.0,0.0,0.0,0.00,0.00,0.00,0,0.00,32.0,0,32.0,32.0,32.0,0,32.0,32.0,32.0,0,32.0,32.0,32.0,0,32.0,32.0,32.0,0,32.0,32.0,32.0,0,32.0,32.0,32.0,0,32.0,32.0,0,0,0,0,0,0,0,0,0,0,0,0,0,0,0.0,0,0,0,0,0,0,0,0,0,0,0,0,0,0,0,0,0,0,0,0,0,0,0,0,0,0,0,0.0,0
"Friday, May 19, 2023 4:45 AM EDT",1016,1010,73.4,49,78.1,85,73.2,80.6,78.1,78.1,172,0.0,0.0,0.0,0.00,0.00,0.00,0,0.00,32.0,0,32.0,32.0,32.0,0,32.0,32.0,32.0,0,32.0,32.0,32.0,0,32.0,32.0,32.0,0,32.0,32.0,32.0,0,32.0,32.0,32.0,0,32.0,32.0,0,0,0,0,0,0,0,0,0,0,0,0,0,0,0.0,0,0,0,0,0,0,0,0,0,0,0,0,0,0,0,0,0,0,0,0,0,0,0,0,0,0,0,0.0,0
"Friday, May 19, 2023 4:50 AM EDT",1016,1010,73.0,51,78.1,85,73.2,80.6,78.1,78.1,172,0.0,0.0,0.0,0.00,0.00,0.00,0,0.00,32.0,0,32.0,32.0,32.0,0,32.0,32.0,32.0,0,32.0,32.0,32.0,0,32.0,32.0,32.0,0,32.0,32.0,32.0,0,32.0,32.0,32.0,0,32.0,32.0,0,0,0,0,0,0,0,0,0,0,0,0,0,0,0.0,0,0,0,0,0,0,0,0,0,0,0,0,0,0,0,0,0,0,0,0,0,0,0,0,0,0,0,0.0,0
"Friday, May 19, 2023 4:55 AM EDT",1016,1010,73.6,51,77.5,86,73.0,79.5,77.5,77.5,172,0.0,0.0,0.0,0.00,0.00,0.00,0,0.00,32.0,0,32.0,32.0,32.0,0,32.0,32.0,32.0,0,32.0,32.0,32.0,0,32.0,32.0,32.0,0,32.0,32.0,32.0,0,32.0,32.0,32.0,0,32.0,32.0,0,0,0,0,0,0,0,0,0,0,0,0,0,0,0.0,0,0,0,0,0,0,0,0,0,0,0,0,0,0,0,0,0,0,0,0,0,0,0,0,0,0,0,0.0,0
"Friday, May 19, 2023 5:00 AM EDT",1016,1010,73.9,51,77.4,86,72.8,79.1,77.4,77.4,172,0.0,0.0,0.0,0.00,0.00,0.00,0,0.00,32.0,0,32.0,32.0,32.0,0,32.0,32.0,32.0,0,32.0,32.0,32.0,0,32.0,32.0,32.0,0,32.0,32.0,32.0,0,32.0,32.0,32.0,0,32.0,32.0,0,0,0,0,0,0,0,0,0,0,0,0,0,0,0.0,0,0,0,0,0,0,0,0,0,0,0,0,0,0,0,0,0,0,0,0,0,0,0,0,0,0,0,0.0,0
"Friday, May 19, 2023 5:05 AM EDT",1016,1010,73.2,49,76.8,87,72.7,---,76.8,76.8,172,0.0,0.0,0.0,0.00,0.00,0.00,0,0.00,32.0,0,32.0,32.0,32.0,0,32.0,32.0,32.0,0,32.0,32.0,32.0,0,32.0,32.0,32.0,0,32.0,32.0,32.0,0,32.0,32.0,32.0,0,32.0,32.0,0,0,0,0,0,0,0,0,0,0,0,0,0,0,0.0,0,0,0,0,0,0,0,0,0,0,0,0,0,0,0,0,0,0,0,0,0,0,0,0,0,0,0,0.0,0
"Friday, May 19, 2023 5:10 AM EDT",1016,1010,73.2,51,76.8,88,73.0,---,76.8,76.8,172,0.0,0.0,0.0,0.00,0.00,0.00,0,0.00,32.0,0,32.0,32.0,32.0,0,32.0,32.0,32.0,0,32.0,32.0,32.0,0,32.0,32.0,32.0,0,32.0,32.0,32.0,0,32.0,32.0,32.0,0,32.0,32.0,0,0,0,0,0,0,0,0,0,0,0,0,0,0,0.0,0,0,0,0,0,0,0,0,0,0,0,0,0,0,0,0,0,0,0,0,0,0,0,0,0,0,0,0.0,0
"Friday, May 19, 2023 5:15 AM EDT",1016,1010,73.6,51,76.8,88,73.0,---,76.8,76.8,173,0.0,0.0,0.0,0.00,0.00,0.00,0,0.00,32.0,0,32.0,32.0,32.0,0,32.0,32.0,32.0,0,32.0,32.0,32.0,0,32.0,32.0,32.0,0,32.0,32.0,32.0,0,32.0,32.0,32.0,0,32.0,32.0,0,0,0,0,0,0,0,0,0,0,0,0,0,0,0.0,0,0,0,0,0,0,0,0,0,0,0,0,0,0,0,0,0,0,0,0,0,0,0,0,0,0,0,0.0,0
"Friday, May 19, 2023 5:20 AM EDT",1016,1010,73.8,50,77.0,88,73.2,---,77.0,77.0,172,0.0,0.0,0.0,0.00,0.00,0.00,0,0.00,32.0,0,32.0,32.0,32.0,0,32.0,32.0,32.0,0,32.0,32.0,32.0,0,32.0,32.0,32.0,0,32.0,32.0,32.0,0,32.0,32.0,32.0,0,32.0,32.0,0,0,0,0,0,0,0,0,0,0,0,0,0,0,0.0,0,0,0,0,0,0,0,0,0,0,0,0,0,0,0,0,0,0,0,0,0,0,0,0,0,0,0,0.0,0
"Friday, May 19, 2023 5:25 AM EDT",1016,1010,73.2,49,76.8,88,73.0,---,76.8,76.8,172,0.0,0.0,0.0,0.00,0.00,0.00,0,0.00,32.0,0,32.0,32.0,32.0,0,32.0,32.0,32.0,0,32.0,32.0,32.0,0,32.0,32.0,32.0,0,32.0,32.0,32.0,0,32.0,32.0,32.0,0,32.0,32.0,0,0,0,0,0,0,0,0,0,0,0,0,0,0,0.0,0,0,0,0,0,0,0,0,0,0,0,0,0,0,0,0,0,0,0,0,0,0,0,0,0,0,0,0.0,0
"Friday, May 19, 2023 5:30 AM EDT",1016,1010,73.2,51,76.6,88,72.8,---,76.6,76.6,172,0.0,0.0,0.0,0.00,0.00,0.00,0,0.00,32.0,0,32.0,32.0,32.0,0,32.0,32.0,32.0,0,32.0,32.0,32.0,0,32.0,32.0,32.0,0,32.0,32.0,32.0,0,32.0,32.0,32.0,0,32.0,32.0,0,0,0,0,0,0,0,0,0,0,0,0,0,0,0.0,0,0,0,0,0,0,0,0,0,0,0,0,0,0,0,0,0,0,0,0,0,0,0,0,0,0,0,0.0,0
"Friday, May 19, 2023 5:35 AM EDT",1016,1010,73.8,51,76.6,87,72.5,---,76.6,76.6,173,0.0,0.0,0.0,0.00,0.00,0.00,0,0.00,32.0,0,32.0,32.0,32.0,0,32.0,32.0,32.0,0,32.0,32.0,32.0,0,32.0,32.0,32.0,0,32.0,32.0,32.0,0,32.0,32.0,32.0,0,32.0,32.0,0,0,0,0,0,0,0,0,0,0,0,0,0,0,0.0,0,0,0,0,0,0,0,0,0,0,0,0,0,0,0,0,0,0,0,0,0,0,0,0,0,0,0,0.0,0
"Friday, May 19, 2023 5:40 AM EDT",1016,1010,73.8,50,77.2,87,73.0,---,77.2,77.2,177,0.0,0.0,0.0,0.00,0.00,0.00,0,0.00,32.0,0,32.0,32.0,32.0,0,32.0,32.0,32.0,0,32.0,32.0,32.0,0,32.0,32.0,32.0,0,32.0,32.0,32.0,0,32.0,32.0,32.0,0,32.0,32.0,0,0,0,0,0,0,0,0,0,0,0,0,0,0,0.0,0,0,0,0,0,0,0,0,0,0,0,0,0,0,0,0,0,0,0,0,0,0,0,0,0,0,0,0.0,0
"Friday, May 19, 2023 5:45 AM EDT",1016,1010,73.2,49,77.4,87,73.2,79.1,77.4,77.4,177,0.0,0.0,0.0,0.00,0.00,0.00,0,0.00,32.0,0,32.0,32.0,32.0,0,32.0,32.0,32.0,0,32.0,32.0,32.0,0,32.0,32.0,32.0,0,32.0,32.0,32.0,0,32.0,32.0,32.0,0,32.0,32.0,0,0,0,0,0,0,0,0,0,0,0,0,0,0,0.0,0,0,0,0,0,0,0,0,0,0,0,0,0,0,0,0,0,0,0,0,0,0,0,0,0,0,0,0.0,0
"Friday, May 19, 2023 5:50 AM EDT",1016,1011,73.2,50,77.4,87,73.2,79.1,77.4,77.4,177,0.0,0.0,0.0,0.00,0.00,0.00,0,0.00,32.0,0,32.0,32.0,32.0,0,32.0,32.0,32.0,0,32.0,32.0,32.0,0,32.0,32.0,32.0,0,32.0,32.0,32.0,0,32.0,32.0,32.0,0,32.0,32.0,0,0,0,0,0,0,0,0,0,0,0,0,0,0,0.0,0,0,0,0,0,0,0,0,0,0,0,0,0,0,0,0,0,0,0,0,0,0,0,0,0,0,0,0.0,0
"Friday, May 19, 2023 5:55 AM EDT",1016,1010,73.8,50,77.4,88,73.5,79.0,77.4,77.4,177,0.0,0.0,0.0,0.00,0.00,0.00,0,0.00,32.0,0,32.0,32.0,32.0,0,32.0,32.0,32.0,0,32.0,32.0,32.0,0,32.0,32.0,32.0,0,32.0,32.0,32.0,0,32.0,32.0,32.0,0,32.0,32.0,0,0,0,0,0,0,0,0,0,0,0,0,0,0,0.0,0,0,0,0,0,0,0,0,0,0,0,0,0,0,0,0,0,0,0,0,0,0,0,0,0,0,0,0.0,0
"Friday, May 19, 2023 6:00 AM EDT",1016,1011,73.6,50,77.0,88,73.2,---,77.0,77.0,177,0.0,0.0,0.0,0.00,0.00,0.00,0,0.00,32.0,0,32.0,32.0,32.0,0,32.0,32.0,32.0,0,32.0,32.0,32.0,0,32.0,32.0,32.0,0,32.0,32.0,32.0,0,32.0,32.0,32.0,0,32.0,32.0,0,0,0,0,0,0,0,0,0,0,0,0,0,0,0.0,0,0,0,0,0,0,0,0,0,0,0,0,0,0,0,0,0,0,0,0,0,0,0,0,0,0,0,0.0,0
"Friday, May 19, 2023 6:05 AM EDT",1016,1011,73.0,50,77.0,88,73.2,---,77.0,77.0,178,0.0,0.0,0.0,0.00,0.00,0.00,0,0.00,32.0,0,32.0,32.0,32.0,0,32.0,32.0,32.0,0,32.0,32.0,32.0,0,32.0,32.0,32.0,0,32.0,32.0,32.0,0,32.0,32.0,32.0,0,32.0,32.0,0,0,0,0,0,0,0,0,0,0,0,0,0,0,0.0,0,0,0,0,0,0,0,0,0,0,0,0,0,0,0,0,0,0,0,0,0,0,0,0,0,0,0,0.0,0
"Friday, May 19, 2023 6:10 AM EDT",1016,1011,73.4,50,77.2,87,73.0,---,77.2,77.2,178,0.0,0.0,0.0,0.00,0.00,0.00,0,0.00,32.0,0,32.0,32.0,32.0,0,32.0,32.0,32.0,0,32.0,32.0,32.0,0,32.0,32.0,32.0,0,32.0,32.0,32.0,0,32.0,32.0,32.0,0,32.0,32.0,0,0,0,0,0,0,0,0,0,0,0,0,0,0,0.0,0,0,0,0,0,0,0,0,0,0,0,0,0,0,0,0,0,0,0,0,0,0,0,0,0,0,0,0.0,0
"Friday, May 19, 2023 6:15 AM EDT",1017,1011,73.9,51,77.4,86,72.8,79.1,77.4,77.4,178,1.3,1.3,1.3,0.00,0.00,0.00,0,0.31,32.0,0,32.0,32.0,32.0,0,32.0,32.0,32.0,0,32.0,32.0,32.0,0,32.0,32.0,32.0,0,32.0,32.0,32.0,0,32.0,32.0,32.0,0,32.0,32.0,0,0,0,0,0,0,0,0,0,0,0,0,0,0,0.0,0,0,0,0,0,0,0,0,0,0,0,0,0,0,0,0,0,0,0,0,0,0,0,0,0,0,0,0.0,0
"Friday, May 19, 2023 6:20 AM EDT",1017,1011,73.8,50,77.4,86,72.8,79.1,77.4,77.4,178,0.0,0.0,0.0,0.00,0.00,0.00,0,1.18,32.0,0,32.0,32.0,32.0,0,32.0,32.0,32.0,0,32.0,32.0,32.0,0,32.0,32.0,32.0,0,32.0,32.0,32.0,0,32.0,32.0,32.0,0,32.0,32.0,0,0,0,0,0,0,0,0,0,0,0,0,0,0,0.0,0,0,0,0,0,0,0,0,0,0,0,0,0,0,0,0,0,0,0,0,0,0,0,0,0,0,0,0.0,0
"Friday, May 19, 2023 6:25 AM EDT",1017,1011,73.2,50,77.2,87,73.0,---,77.2,77.2,178,0.0,0.0,0.0,0.00,0.00,0.00,0,2.29,32.0,0,32.0,32.0,32.0,0,32.0,32.0,32.0,0,32.0,32.0,32.0,0,32.0,32.0,32.0,0,32.0,32.0,32.0,0,32.0,32.0,32.0,0,32.0,32.0,0,0,0,0,0,0,0,0,0,0,0,0,0,0,0.0,0,0,0,0,0,0,0,0,0,0,0,0,0,0,0,0,0,0,0,0,0,0,0,0,0,0,0,0.0,0
"Friday, May 19, 2023 6:30 AM EDT",1017,1011,73.4,50,76.8,87,72.7,---,76.8,76.8,178,0.0,0.0,0.0,0.00,0.00,0.00,0,3.95,32.0,0,32.0,32.0,32.0,0,32.0,32.0,32.0,0,32.0,32.0,32.0,0,32.0,32.0,32.0,0,32.0,32.0,32.0,0,32.0,32.0,32.0,0,32.0,32.0,0,0,0,0,0,0,0,0,0,0,0,0,0,0,0.0,0,0,0,0,0,0,0,0,0,0,0,0,0,0,0,0,0,0,0,0,0,0,0,0,0,0,0,0.0,0
"Friday, May 19, 2023 6:35 AM EDT",1017,1011,73.9,50,76.6,88,72.8,---,76.6,76.6,214,0.0,0.0,0.0,0.00,0.00,0.00,0,6.24,32.0,0,32.0,32.0,32.0,0,32.0,32.0,32.0,0,32.0,32.0,32.0,0,32.0,32.0,32.0,0,32.0,32.0,32.0,0,32.0,32.0,32.0,0,32.0,32.0,0,0,0,0,0,0,0,0,0,0,0,0,0,0,0.0,0,0,0,0,0,0,0,0,0,0,0,0,0,0,0,0,0,0,0,0,0,0,0,0,0,0,0,0.0,0
"Friday, May 19, 2023 6:40 AM EDT",1017,1011,73.6,49,76.8,87,72.7,---,76.8,76.8,214,0.0,0.0,0.0,0.00,0.00,0.00,0,9.08,32.0,0,32.0,32.0,32.0,0,32.0,32.0,32.0,0,32.0,32.0,32.0,0,32.0,32.0,32.0,0,32.0,32.0,32.0,0,32.0,32.0,32.0,0,32.0,32.0,0,0,0,0,0,0,0,0,0,0,0,0,0,0,0.0,0,0,0,0,0,0,0,0,0,0,0,0,0,0,0,0,0,0,0,0,0,0,0,0,0,0,0,0.0,0
"Friday, May 19, 2023 6:45 AM EDT",1017,1011,73.0,50,76.8,87,72.7,---,76.8,76.8,214,0.0,0.0,0.0,0.00,0.00,0.00,0,11.69,32.0,0,32.0,32.0,32.0,0,32.0,32.0,32.0,0,32.0,32.0,32.0,0,32.0,32.0,32.0,0,32.0,32.0,32.0,0,32.0,32.0,32.0,0,32.0,32.0,0,0,0,0,0,0,0,0,0,0,0,0,0,0,0.0,0,0,0,0,0,0,0,0,0,0,0,0,0,0,0,0,0,0,0,0,0,0,0,0,0,0,0,0.0,0
"Friday, May 19, 2023 6:50 AM EDT",1017,1011,73.4,50,77.0,87,72.8,---,77.0,77.0,214,0.0,0.0,0.0,0.00,0.00,0.00,0,15.32,32.0,0,32.0,32.0,32.0,0,32.0,32.0,32.0,0,32.0,32.0,32.0,0,32.0,32.0,32.0,0,32.0,32.0,32.0,0,32.0,32.0,32.0,0,32.0,32.0,0,0,0,0,0,0,0,0,0,0,0,0,0,0,0.0,0,0,0,0,0,0,0,0,0,0,0,0,0,0,0,0,0,0,0,0,0,0,0,0,0,0,0,0.0,0
"Friday, May 19, 2023 6:55 AM EDT",1017,1011,73.9,51,77.2,86,72.7,---,77.2,77.2,290,0.0,0.0,0.0,0.00,0.00,0.00,0,21.72,32.0,0,32.0,32.0,32.0,0,32.0,32.0,32.0,0,32.0,32.0,32.0,0,32.0,32.0,32.0,0,32.0,32.0,32.0,0,32.0,32.0,32.0,0,32.0,32.0,0,0,0,0,0,0,0,0,0,0,0,0,0,0,0.0,0,0,0,0,0,0,0,0,0,0,0,0,0,0,0,0,0,0,0,0,0,0,0,0,0,0,0,0.0,0
"Friday, May 19, 2023 7:00 AM EDT",1017,1011,73.6,49,77.4,86,72.8,79.1,77.4,77.4,313,1.6,1.6,1.6,0.00,0.00,0.00,0,28.99,32.0,0,32.0,32.0,32.0,0,32.0,32.0,32.0,0,32.0,32.0,32.0,0,32.0,32.0,32.0,0,32.0,32.0,32.0,0,32.0,32.0,32.0,0,32.0,32.0,0,0,0,0,0,0,0,0,0,0,0,0,0,0,0.0,0,0,0,0,0,0,0,0,0,0,0,0,0,0,0,0,0,0,0,0,0,0,0,0,0,0,0,0.0,0
"Friday, May 19, 2023 7:05 AM EDT",1017,1011,73.2,50,77.5,86,73.0,79.5,77.5,77.5,313,0.0,0.0,0.0,0.00,0.00,0.00,0,34.12,32.0,0,32.0,32.0,32.0,0,32.0,32.0,32.0,0,32.0,32.0,32.0,0,32.0,32.0,32.0,0,32.0,32.0,32.0,0,32.0,32.0,32.0,0,32.0,32.0,0,0,0,0,0,0,0,0,0,0,0,0,0,0,0.0,0,0,0,0,0,0,0,0,0,0,0,0,0,0,0,0,0,0,0,0,0,0,0,0,0,0,0,0.0,0
"Friday, May 19, 2023 7:10 AM EDT",1017,1011,73.6,50,77.9,85,73.0,80.2,77.9,77.9,313,0.0,0.0,0.0,0.00,0.00,0.00,0,37.92,32.0,0,32.0,32.0,32.0,0,32.0,32.0,32.0,0,32.0,32.0,32.0,0,32.0,32.0,32.0,0,32.0,32.0,32.0,0,32.0,32.0,32.0,0,32.0,32.0,0,0,0,0,0,0,0,0,0,0,0,0,0,0,0.0,0,0,0,0,0,0,0,0,0,0,0,0,0,0,0,0,0,0,0,0,0,0,0,0,0,0,0,0.0,0
"Friday, May 19, 2023 7:15 AM EDT",1017,1012,73.9,51,78.3,85,73.4,81.0,78.3,78.3,313,0.0,0.0,0.0,0.00,0.00,0.00,0,42.89,32.0,0,32.0,32.0,32.0,0,32.0,32.0,32.0,0,32.0,32.0,32.0,0,32.0,32.0,32.0,0,32.0,32.0,32.0,0,32.0,32.0,32.0,0,32.0,32.0,0,0,0,0,0,0,0,0,0,0,0,0,0,0,0.0,0,0,0,0,0,0,0,0,0,0,0,0,0,0,0,0,0,0,0,0,0,0,0,0,0,0,0,0.0,0
"Friday, May 19, 2023 7:20 AM EDT",1017,1012,73.6,49,78.4,85,73.6,81.3,78.4,78.4,313,0.0,0.0,0.0,0.00,0.00,0.00,0,48.74,32.0,0,32.0,32.0,32.0,0,32.0,32.0,32.0,0,32.0,32.0,32.0,0,32.0,32.0,32.0,0,32.0,32.0,32.0,0,32.0,32.0,32.0,0,32.0,32.0,0,0,0,0,0,0,0,0,0,0,0,0,0,0,0.0,0,0,0,0,0,0,0,0,0,0,0,0,0,0,0,0,0,0,0,0,0,0,0,0,0,0,0,0.0,0
"Friday, May 19, 2023 7:25 AM EDT",1018,1012,73.2,50,78.8,84,73.6,82.1,78.8,78.8,313,1.6,1.6,1.6,0.00,0.00,0.00,0,52.77,32.0,0,32.0,32.0,32.0,0,32.0,32.0,32.0,0,32.0,32.0,32.0,0,32.0,32.0,32.0,0,32.0,32.0,32.0,0,32.0,32.0,32.0,0,32.0,32.0,0,0,0,0,0,0,0,0,0,0,0,0,0,0,0.0,0,0,0,0,0,0,0,0,0,0,0,0,0,0,0,0,0,0,0,0,0,0,0,0,0,0,0,0.0,0
"Friday, May 19, 2023 7:30 AM EDT",1017,1012,73.6,51,79.3,82,73.4,83.1,79.3,83.1,313,0.0,0.0,0.0,0.00,0.00,0.00,0,57.11,32.0,0,32.0,32.0,32.0,0,32.0,32.0,32.0,0,32.0,32.0,32.0,0,32.0,32.0,32.0,0,32.0,32.0,32.0,0,32.0,32.0,32.0,0,32.0,32.0,0,0,0,0,0,0,0,0,0,0,0,0,0,0,0.0,0,0,0,0,0,0,0,0,0,0,0,0,0,0,0,0,0,0,0,0,0,0,0,0,0,0,0,0.0,0
"Friday, May 19, 2023 7:35 AM EDT",1018,1012,73.9,51,80.4,81,74.1,85.3,80.4,85.3,313,0.0,0.0,0.0,0.00,0.00,0.00,0,62.09,32.0,0,32.0,32.0,32.0,0,32.0,32.0,32.0,0,32.0,32.0,32.0,0,32.0,32.0,32.0,0,32.0,32.0,32.0,0,32.0,32.0,32.0,0,32.0,32.0,0,0,0,0,0,0,0,0,0,0,0,0,0,0,0.0,0,0,0,0,0,0,0,0,0,0,0,0,0,0,0,0,0,0,0,0,0,0,0,0,0,0,0,0.0,0
"Friday, May 19, 2023 7:40 AM EDT",1018,1012,73.4,49,79.3,82,73.4,83.1,79.3,83.1,324,1.6,1.6,1.6,0.00,0.00,0.00,1,69.36,32.0,0,32.0,32.0,32.0,0,32.0,32.0,32.0,0,32.0,32.0,32.0,0,32.0,32.0,32.0,0,32.0,32.0,32.0,0,32.0,32.0,32.0,0,32.0,32.0,0,0,0,0,0,0,0,0,0,0,0,0,0,0,0.0,0,0,0,0,0,0,0,0,0,0,0,0,0,0,0,0,0,0,0,0,0,0,0,0,0,0,0,0.0,0
"Friday, May 19, 2023 7:45 AM EDT",1018,1012,73.2,51,79.3,81,73.0,83.0,79.3,83.0,321,0.0,0.0,0.0,0.00,0.00,0.00,1,81.68,32.0,0,32.0,32.0,32.0,0,32.0,32.0,32.0,0,32.0,32.0,32.0,0,32.0,32.0,32.0,0,32.0,32.0,32.0,0,32.0,32.0,32.0,0,32.0,32.0,0,0,0,0,0,0,0,0,0,0,0,0,0,0,0.0,0,0,0,0,0,0,0,0,0,0,0,0,0,0,0,0,0,0,0,0,0,0,0,0,0,0,0,0.0,0
"Friday, May 19, 2023 7:50 AM EDT",1018,1012,73.6,51,80.6,75,71.9,84.7,80.6,84.7,321,0.0,0.0,0.0,0.00,0.00,0.00,1,98.67,32.0,0,32.0,32.0,32.0,0,32.0,32.0,32.0,0,32.0,32.0,32.0,0,32.0,32.0,32.0,0,32.0,32.0,32.0,0,32.0,32.0,32.0,0,32.0,32.0,0,0,0,0,0,0,0,0,0,0,0,0,0,0,0.0,0,0,0,0,0,0,0,0,0,0,0,0,0,0,0,0,0,0,0,0,0,0,0,0,0,0,0,0.0,0
"Friday, May 19, 2023 7:55 AM EDT",1018,1012,74.1,51,82.4,74,73.3,88.2,82.4,88.2,321,0.0,0.0,0.0,0.00,0.00,0.00,1,119.21,32.0,0,32.0,32.0,32.0,0,32.0,32.0,32.0,0,32.0,32.0,32.0,0,32.0,32.0,32.0,0,32.0,32.0,32.0,0,32.0,32.0,32.0,0,32.0,32.0,0,0,0,0,0,0,0,0,0,0,0,0,0,0,0.0,0,0,0,0,0,0,0,0,0,0,0,0,0,0,0,0,0,0,0,0,0,0,0,0,0,0,0,0.0,0
"Friday, May 19, 2023 8:00 AM EDT",1018,1012,73.6,50,83.7,73,74.1,90.7,83.7,90.7,354,0.0,0.0,0.0,0.00,0.00,0.00,1,139.99,32.0,0,32.0,32.0,32.0,0,32.0,32.0,32.0,0,32.0,32.0,32.0,0,32.0,32.0,32.0,0,32.0,32.0,32.0,0,32.0,32.0,32.0,0,32.0,32.0,0,0,0,0,0,0,0,0,0,0,0,0,0,0,0.0,0,0,0,0,0,0,0,0,0,0,0,0,0,0,0,0,0,0,0,0,0,0,0,0,0,0,0,0.0,0
"Friday, May 19, 2023 8:05 AM EDT",1018,1012,73.2,51,84.2,72,74.2,91.6,84.2,91.6,354,0.0,0.0,0.0,0.00,0.00,0.00,1,161.55,32.0,0,32.0,32.0,32.0,0,32.0,32.0,32.0,0,32.0,32.0,32.0,0,32.0,32.0,32.0,0,32.0,32.0,32.0,0,32.0,32.0,32.0,0,32.0,32.0,0,0,0,0,0,0,0,0,0,0,0,0,0,0,0.0,0,0,0,0,0,0,0,0,0,0,0,0,0,0,0,0,0,0,0,0,0,0,0,0,0,0,0,0.0,0
"Friday, May 19, 2023 8:10 AM EDT",1018,1012,73.6,51,84.2,71,73.8,91.2,84.2,91.2,0,0.0,0.0,0.0,0.00,0.00,0.00,1,180.04,32.0,0,32.0,32.0,32.0,0,32.0,32.0,32.0,0,32.0,32.0,32.0,0,32.0,32.0,32.0,0,32.0,32.0,32.0,0,32.0,32.0,32.0,0,32.0,32.0,0,0,0,0,0,0,0,0,0,0,0,0,0,0,0.0,0,0,0,0,0,0,0,0,0,0,0,0,0,0,0,0,0,0,0,0,0,0,0,0,0,0,0,0.0,0
"Friday, May 19, 2023 8:15 AM EDT",1018,1012,73.9,51,84.6,71,74.1,92.1,84.6,92.1,0,0.0,0.0,0.0,0.00,0.00,0.00,1,193.55,32.0,0,32.0,32.0,32.0,0,32.0,32.0,32.0,0,32.0,32.0,32.0,0,32.0,32.0,32.0,0,32.0,32.0,32.0,0,32.0,32.0,32.0,0,32.0,32.0,0,0,0,0,0,0,0,0,0,0,0,0,0,0,0.0,0,0,0,0,0,0,0,0,0,0,0,0,0,0,0,0,0,0,0,0,0,0,0,0,0,0,0,0.0,0
"Friday, May 19, 2023 8:20 AM EDT",1018,1012,73.4,49,84.6,71,74.1,92.1,84.6,92.1,0,0.0,0.0,0.0,0.00,0.00,0.00,1,220.17,32.0,0,32.0,32.0,32.0,0,32.0,32.0,32.0,0,32.0,32.0,32.0,0,32.0,32.0,32.0,0,32.0,32.0,32.0,0,32.0,32.0,32.0,0,32.0,32.0,0,0,0,0,0,0,0,0,0,0,0,0,0,0,0.0,0,0,0,0,0,0,0,0,0,0,0,0,0,0,0,0,0,0,0,0,0,0,0,0,0,0,0,0.0,0
"Friday, May 19, 2023 8:25 AM EDT",1018,1012,73.2,51,85.1,69,73.8,92.6,85.1,92.6,0,1.8,1.8,1.8,0.00,0.00,0.00,1,235.66,32.0,0,32.0,32.0,32.0,0,32.0,32.0,32.0,0,32.0,32.0,32.0,0,32.0,32.0,32.0,0,32.0,32.0,32.0,0,32.0,32.0,32.0,0,32.0,32.0,0,0,0,0,0,0,0,0,0,0,0,0,0,0,0.0,0,0,0,0,0,0,0,0,0,0,0,0,0,0,0,0,0,0,0,0,0,0,0,0,0,0,0,0.0,0
"Friday, May 19, 2023 8:30 AM EDT",1018,1012,73.6,51,85.3,70,74.4,93.4,85.3,93.4,42,2.7,2.7,2.7,0.00,0.00,0.00,1,274.92,32.0,0,32.0,32.0,32.0,0,32.0,32.0,32.0,0,32.0,32.0,32.0,0,32.0,32.0,32.0,0,32.0,32.0,32.0,0,32.0,32.0,32.0,0,32.0,32.0,0,0,0,0,0,0,0,0,0,0,0,0,0,0,0.0,0,0,0,0,0,0,0,0,0,0,0,0,0,0,0,0,0,0,0,0,0,0,0,0,0,0,0,0.0,0
"Friday, May 19, 2023 8:35 AM EDT",1018,1013,73.9,51,84.4,70,73.5,91.3,84.4,91.3,60,2.5,2.5,2.5,0.00,0.00,0.00,1,319.00,32.0,0,32.0,32.0,32.0,0,32.0,32.0,32.0,0,32.0,32.0,32.0,0,32.0,32.0,32.0,0,32.0,32.0,32.0,0,32.0,32.0,32.0,0,32.0,32.0,0,0,0,0,0,0,0,0,0,0,0,0,0,0,0.0,0,0,0,0,0,0,0,0,0,0,0,0,0,0,0,0,0,0,0,0,0,0,0,0,0,0,0,0.0,0
"Friday, May 19, 2023 8:40 AM EDT",1018,1013,73.4,50,84.9,69,73.6,92.1,84.9,92.1,114,1.8,1.8,1.8,0.00,0.00,0.00,2,353.37,32.0,0,32.0,32.0,32.0,0,32.0,32.0,32.0,0,32.0,32.0,32.0,0,32.0,32.0,32.0,0,32.0,32.0,32.0,0,32.0,32.0,32.0,0,32.0,32.0,0,0,0,0,0,0,0,0,0,0,0,0,0,0,0.0,0,0,0,0,0,0,0,0,0,0,0,0,0,0,0,0,0,0,0,0,0,0,0,0,0,0,0,0.0,0
"Friday, May 19, 2023 8:45 AM EDT",1018,1012,73.4,52,85.3,69,74.0,93.0,85.3,93.0,72,0.0,0.0,0.0,0.00,0.00,0.00,3,416.57,32.0,0,32.0,32.0,32.0,0,32.0,32.0,32.0,0,32.0,32.0,32.0,0,32.0,32.0,32.0,0,32.0,32.0,32.0,0,32.0,32.0,32.0,0,32.0,32.0,0,0,0,0,0,0,0,0,0,0,0,0,0,0,0.0,0,0,0,0,0,0,0,0,0,0,0,0,0,0,0,0,0,0,0,0,0,0,0,0,0,0,0,0.0,0
"Friday, May 19, 2023 8:50 AM EDT",1018,1013,73.8,52,85.3,67,73.1,92.2,85.3,92.2,132,3.4,3.4,3.6,0.00,0.00,0.00,4,457.49,32.0,0,32.0,32.0,32.0,0,32.0,32.0,32.0,0,32.0,32.0,32.0,0,32.0,32.0,32.0,0,32.0,32.0,32.0,0,32.0,32.0,32.0,0,32.0,32.0,0,0,0,0,0,0,0,0,0,0,0,0,0,0,0.0,0,0,0,0,0,0,0,0,0,0,0,0,0,0,0,0,0,0,0,0,0,0,0,0,0,0,0,0.0,0
"Friday, May 19, 2023 8:55 AM EDT",1018,1013,73.8,51,85.8,65,72.7,92.6,85.8,92.6,132,2.0,2.0,2.0,0.00,0.00,0.00,5,515.32,32.0,0,32.0,32.0,32.0,0,32.0,32.0,32.0,0,32.0,32.0,32.0,0,32.0,32.0,32.0,0,32.0,32.0,32.0,0,32.0,32.0,32.0,0,32.0,32.0,0,0,0,0,0,0,0,0,0,0,0,0,0,0,0.0,0,0,0,0,0,0,0,0,0,0,0,0,0,0,0,0,0,0,0,0,0,0,0,0,0,0,0,0.0,0
"Friday, May 19, 2023 9:00 AM EDT",1018,1012,73.2,50,86.0,63,71.9,92.2,86.0,92.2,162,1.8,1.8,1.8,0.00,0.00,0.00,2,436.95,32.0,0,32.0,32.0,32.0,0,32.0,32.0,32.0,0,32.0,32.0,32.0,0,32.0,32.0,32.0,0,32.0,32.0,32.0,0,32.0,32.0,32.0,0,32.0,32.0,0,0,0,0,0,0,0,0,0,0,0,0,0,0,0.0,0,0,0,0,0,0,0,0,0,0,0,0,0,0,0,0,0,0,0,0,0,0,0,0,0,0,0,0.0,0
"Friday, May 19, 2023 9:05 AM EDT",1018,1013,73.2,52,86.0,65,72.9,93.0,86.0,93.0,108,2.9,2.9,2.9,0.00,0.00,0.00,3,534.99,32.0,0,32.0,32.0,32.0,0,32.0,32.0,32.0,0,32.0,32.0,32.0,0,32.0,32.0,32.0,0,32.0,32.0,32.0,0,32.0,32.0,32.0,0,32.0,32.0,0,0,0,0,0,0,0,0,0,0,0,0,0,0,0.0,0,0,0,0,0,0,0,0,0,0,0,0,0,0,0,0,0,0,0,0,0,0,0,0,0,0,0,0.0,0
"Friday, May 19, 2023 9:10 AM EDT",1018,1012,73.8,52,86.0,64,72.4,92.6,86.0,92.6,144,2.0,2.0,2.0,0.00,0.00,0.00,2,204.29,32.0,0,32.0,32.0,32.0,0,32.0,32.0,32.0,0,32.0,32.0,32.0,0,32.0,32.0,32.0,0,32.0,32.0,32.0,0,32.0,32.0,32.0,0,32.0,32.0,0,0,0,0,0,0,0,0,0,0,0,0,0,0,0.0,0,0,0,0,0,0,0,0,0,0,0,0,0,0,0,0,0,0,0,0,0,0,0,0,0,0,0,0.0,0
"Friday, May 19, 2023 9:15 AM EDT",1018,1012,73.6,52,85.6,67,73.4,93.0,85.6,93.0,66,1.3,1.3,1.3,0.00,0.00,0.00,2,205.71,32.0,0,32.0,32.0,32.0,0,32.0,32.0,32.0,0,32.0,32.0,32.0,0,32.0,32.0,32.0,0,32.0,32.0,32.0,0,32.0,32.0,32.0,0,32.0,32.0,0,0,0,0,0,0,0,0,0,0,0,0,0,0,0.0,0,0,0,0,0,0,0,0,0,0,0,0,0,0,0,0,0,0,0,0,0,0,0,0,0,0,0,0.0,0
"Friday, May 19, 2023 9:20 AM EDT",1018,1013,73.2,52,84.6,69,73.3,91.4,84.6,91.4,90,1.3,1.3,1.3,0.00,0.00,0.00,4,618.18,32.0,0,32.0,32.0,32.0,0,32.0,32.0,32.0,0,32.0,32.0,32.0,0,32.0,32.0,32.0,0,32.0,32.0,32.0,0,32.0,32.0,32.0,0,32.0,32.0,0,0,0,0,0,0,0,0,0,0,0,0,0,0,0.0,0,0,0,0,0,0,0,0,0,0,0,0,0,0,0,0,0,0,0,0,0,0,0,0,0,0,0,0.0,0
"Friday, May 19, 2023 9:25 AM EDT",1018,1013,73.4,52,84.7,67,72.6,91.0,84.7,91.0,108,2.5,2.5,2.5,0.00,0.00,0.00,2,301.15,32.0,0,32.0,32.0,32.0,0,32.0,32.0,32.0,0,32.0,32.0,32.0,0,32.0,32.0,32.0,0,32.0,32.0,32.0,0,32.0,32.0,32.0,0,32.0,32.0,0,0,0,0,0,0,0,0,0,0,0,0,0,0,0.0,0,0,0,0,0,0,0,0,0,0,0,0,0,0,0,0,0,0,0,0,0,0,0,0,0,0,0,0.0,0
"Friday, May 19, 2023 9:30 AM EDT",1018,1013,73.8,52,85.6,65,72.5,92.2,85.6,92.2,168,1.6,1.6,1.6,0.00,0.00,0.00,5,658.08,32.0,0,32.0,32.0,32.0,0,32.0,32.0,32.0,0,32.0,32.0,32.0,0,32.0,32.0,32.0,0,32.0,32.0,32.0,0,32.0,32.0,32.0,0,32.0,32.0,0,0,0,0,0,0,0,0,0,0,0,0,0,0,0.0,0,0,0,0,0,0,0,0,0,0,0,0,0,0,0,0,0,0,0,0,0,0,0,0,0,0,0,0.0,0
"Friday, May 19, 2023 9:35 AM EDT",1018,1013,73.6,52,86.5,62,72.0,92.9,86.5,92.9,48,0.0,0.0,0.0,0.00,0.00,0.00,4,686.52,32.0,0,32.0,32.0,32.0,0,32.0,32.0,32.0,0,32.0,32.0,32.0,0,32.0,32.0,32.0,0,32.0,32.0,32.0,0,32.0,32.0,32.0,0,32.0,32.0,0,0,0,0,0,0,0,0,0,0,0,0,0,0,0.0,0,0,0,0,0,0,0,0,0,0,0,0,0,0,0,0,0,0,0,0,0,0,0,0,0,0,0,0.0,0
"Friday, May 19, 2023 9:40 AM EDT",1018,1013,73.2,52,85.8,64,72.2,92.2,85.8,92.2,162,2.7,2.7,2.7,0.00,0.00,0.00,6,746.08,32.0,0,32.0,32.0,32.0,0,32.0,32.0,32.0,0,32.0,32.0,32.0,0,32.0,32.0,32.0,0,32.0,32.0,32.0,0,32.0,32.0,32.0,0,32.0,32.0,0,0,0,0,0,0,0,0,0,0,0,0,0,0,0.0,0,0,0,0,0,0,0,0,0,0,0,0,0,0,0,0,0,0,0,0,0,0,0,0,0,0,0,0.0,0
"Friday, May 19, 2023 9:45 AM EDT",1019,1013,73.6,53,86.2,63,72.1,92.6,86.2,92.6,78,2.0,2.0,2.0,0.00,0.00,0.00,4,646.07,32.0,0,32.0,32.0,32.0,0,32.0,32.0,32.0,0,32.0,32.0,32.0,0,32.0,32.0,32.0,0,32.0,32.0,32.0,0,32.0,32.0,32.0,0,32.0,32.0,0,0,0,0,0,0,0,0,0,0,0,0,0,0,0.0,0,0,0,0,0,0,0,0,0,0,0,0,0,0,0,0,0,0,0,0,0,0,0,0,0,0,0,0.0,0
"Friday, May 19, 2023 9:50 AM EDT",1018,1013,74.1,53,85.8,66,73.2,93.0,85.8,93.0,180,2.2,2.2,2.2,0.00,0.00,0.00,5,692.44,32.0,0,32.0,32.0,32.0,0,32.0,32.0,32.0,0,32.0,32.0,32.0,0,32.0,32.0,32.0,0,32.0,32.0,32.0,0,32.0,32.0,32.0,0,32.0,32.0,0,0,0,0,0,0,0,0,0,0,0,0,0,0,0.0,0,0,0,0,0,0,0,0,0,0,0,0,0,0,0,0,0,0,0,0,0,0,0,0,0,0,0,0.0,0
"Friday, May 19, 2023 9:55 AM EDT",1018,1013,73.6,52,86.0,66,73.3,93.4,86.0,93.4,60,0.0,0.0,0.0,0.00,0.00,0.00,2,220.80,32.0,0,32.0,32.0,32.0,0,32.0,32.0,32.0,0,32.0,32.0,32.0,0,32.0,32.0,32.0,0,32.0,32.0,32.0,0,32.0,32.0,32.0,0,32.0,32.0,0,0,0,0,0,0,0,0,0,0,0,0,0,0,0.0,0,0,0,0,0,0,0,0,0,0,0,0,0,0,0,0,0,0,0,0,0,0,0,0,0,0,0,0.0,0
"Friday, May 19, 2023 10:00 AM EDT",1018,1013,73.2,52,85.1,69,73.8,92.6,85.1,92.6,48,0.0,0.0,0.0,0.00,0.00,0.00,3,424.39,32.0,0,32.0,32.0,32.0,0,32.0,32.0,32.0,0,32.0,32.0,32.0,0,32.0,32.0,32.0,0,32.0,32.0,32.0,0,32.0,32.0,32.0,0,32.0,32.0,0,0,0,0,0,0,0,0,0,0,0,0,0,0,0.0,0,0,0,0,0,0,0,0,0,0,0,0,0,0,0,0,0,0,0,0,0,0,0,0,0,0,0,0.0,0
"Friday, May 19, 2023 10:05 AM EDT",1019,1013,73.4,53,85.3,69,74.0,93.0,85.3,93.0,126,1.3,1.3,1.3,0.00,0.00,0.00,2,208.40,32.0,0,32.0,32.0,32.0,0,32.0,32.0,32.0,0,32.0,32.0,32.0,0,32.0,32.0,32.0,0,32.0,32.0,32.0,0,32.0,32.0,32.0,0,32.0,32.0,0,0,0,0,0,0,0,0,0,0,0,0,0,0,0.0,0,0,0,0,0,0,0,0,0,0,0,0,0,0,0,0,0,0,0,0,0,0,0,0,0,0,0,0.0,0
"Friday, May 19, 2023 10:10 AM EDT",1019,1013,74.1,53,84.7,70,73.9,92.1,84.7,92.1,66,1.8,1.8,1.8,0.00,0.00,0.00,2,244.19,32.0,0,32.0,32.0,32.0,0,32.0,32.0,32.0,0,32.0,32.0,32.0,0,32.0,32.0,32.0,0,32.0,32.0,32.0,0,32.0,32.0,32.0,0,32.0,32.0,0,0,0,0,0,0,0,0,0,0,0,0,0,0,0.0,0,0,0,0,0,0,0,0,0,0,0,0,0,0,0,0,0,0,0,0,0,0,0,0,0,0,0,0.0,0
"Friday, May 19, 2023 10:15 AM EDT",1019,1013,73.6,52,84.4,70,73.5,91.3,84.4,91.3,60,1.8,1.8,1.8,0.00,0.00,0.00,2,256.59,32.0,0,32.0,32.0,32.0,0,32.0,32.0,32.0,0,32.0,32.0,32.0,0,32.0,32.0,32.0,0,32.0,32.0,32.0,0,32.0,32.0,32.0,0,32.0,32.0,0,0,0,0,0,0,0,0,0,0,0,0,0,0,0.0,0,0,0,0,0,0,0,0,0,0,0,0,0,0,0,0,0,0,0,0,0,0,0,0,0,0,0,0.0,0
"Friday, May 19, 2023 10:20 AM EDT",1019,1013,73.2,52,84.4,69,73.1,91.0,84.4,91.0,48,1.8,1.8,1.8,0.00,0.00,0.00,2,266.94,32.0,0,32.0,32.0,32.0,0,32.0,32.0,32.0,0,32.0,32.0,32.0,0,32.0,32.0,32.0,0,32.0,32.0,32.0,0,32.0,32.0,32.0,0,32.0,32.0,0,0,0,0,0,0,0,0,0,0,0,0,0,0,0.0,0,0,0,0,0,0,0,0,0,0,0,0,0,0,0,0,0,0,0,0,0,0,0,0,0,0,0,0.0,0
"Friday, May 19, 2023 10:25 AM EDT",1019,1013,73.4,53,85.6,64,72.1,91.8,85.6,91.8,301,1.8,1.8,1.8,0.00,0.00,0.00,5,628.93,32.0,0,32.0,32.0,32.0,0,32.0,32.0,32.0,0,32.0,32.0,32.0,0,32.0,32.0,32.0,0,32.0,32.0,32.0,0,32.0,32.0,32.0,0,32.0,32.0,0,0,0,0,0,0,0,0,0,0,0,0,0,0,0.0,0,0,0,0,0,0,0,0,0,0,0,0,0,0,0,0,0,0,0,0,0,0,0,0,0,0,0,0.0,0
"Friday, May 19, 2023 10:30 AM EDT",1019,1013,74.1,53,87.4,62,72.8,94.8,87.4,94.8,108,3.6,3.6,3.8,0.00,0.00,0.00,7,909.30,32.0,0,32.0,32.0,32.0,0,32.0,32.0,32.0,0,32.0,32.0,32.0,0,32.0,32.0,32.0,0,32.0,32.0,32.0,0,32.0,32.0,32.0,0,32.0,32.0,0,0,0,0,0,0,0,0,0,0,0,0,0,0,0.0,0,0,0,0,0,0,0,0,0,0,0,0,0,0,0,0,0,0,0,0,0,0,0,0,0,0,0,0.0,0
"Friday, May 19, 2023 10:35 AM EDT",1019,1013,74.5,53,86.0,63,71.9,92.2,86.0,92.2,48,1.6,1.6,1.6,0.00,0.00,0.00,8,916.17,32.0,0,32.0,32.0,32.0,0,32.0,32.0,32.0,0,32.0,32.0,32.0,0,32.0,32.0,32.0,0,32.0,32.0,32.0,0,32.0,32.0,32.0,0,32.0,32.0,0,0,0,0,0,0,0,0,0,0,0,0,0,0,0.0,0,0,0,0,0,0,0,0,0,0,0,0,0,0,0,0,0,0,0,0,0,0,0,0,0,0,0,0.0,0
"Friday, May 19, 2023 10:40 AM EDT",1019,1013,74.7,53,86.4,62,71.8,92.6,86.4,92.6,126,2.7,2.7,2.7,0.00,0.00,0.00,10,923.92,32.0,0,32.0,32.0,32.0,0,32.0,32.0,32.0,0,32.0,32.0,32.0,0,32.0,32.0,32.0,0,32.0,32.0,32.0,0,32.0,32.0,32.0,0,32.0,32.0,0,0,0,0,0,0,0,0,0,0,0,0,0,0,0.0,0,0,0,0,0,0,0,0,0,0,0,0,0,0,0,0,0,0,0,0,0,0,0,0,0,0,0,0.0,0
"Friday, May 19, 2023 10:45 AM EDT",1019,1013,74.1,54,86.4,60,70.8,91.8,86.4,91.8,162,3.6,3.6,3.8,0.00,0.00,0.00,10,952.04,32.0,0,32.0,32.0,32.0,0,32.0,32.0,32.0,0,32.0,32.0,32.0,0,32.0,32.0,32.0,0,32.0,32.0,32.0,0,32.0,32.0,32.0,0,32.0,32.0,0,0,0,0,0,0,0,0,0,0,0,0,0,0,0.0,0,0,0,0,0,0,0,0,0,0,0,0,0,0,0,0,0,0,0,0,0,0,0,0,0,0,0,0.0,0
"Friday, May 19, 2023 10:50 AM EDT",1019,1013,74.3,54,86.2,64,72.6,93.0,86.2,93.0,78,2.7,2.7,2.7,0.00,0.00,0.00,10,949.67,32.0,0,32.0,32.0,32.0,0,32.0,32.0,32.0,0,32.0,32.0,32.0,0,32.0,32.0,32.0,0,32.0,32.0,32.0,0,32.0,32.0,32.0,0,32.0,32.0,0,0,0,0,0,0,0,0,0,0,0,0,0,0,0.0,0,0,0,0,0,0,0,0,0,0,0,0,0,0,0,0,0,0,0,0,0,0,0,0,0,0,0,0.0,0
"Friday, May 19, 2023 10:55 AM EDT",1019,1013,74.8,54,87.1,60,71.5,93.2,87.1,93.2,54,2.7,2.7,2.7,0.00,0.00,0.00,8,948.17,32.0,0,32.0,32.0,32.0,0,32.0,32.0,32.0,0,32.0,32.0,32.0,0,32.0,32.0,32.0,0,32.0,32.0,32.0,0,32.0,32.0,32.0,0,32.0,32.0,0,0,0,0,0,0,0,0,0,0,0,0,0,0,0.0,0,0,0,0,0,0,0,0,0,0,0,0,0,0,0,0,0,0,0,0,0,0,0,0,0,0,0,0.0,0
"Friday, May 19, 2023 11:00 AM EDT",1019,1013,74.3,54,86.2,65,73.0,93.4,86.2,93.4,72,1.6,1.6,1.6,0.00,0.00,0.00,9,1032.78,32.0,0,32.0,32.0,32.0,0,32.0,32.0,32.0,0,32.0,32.0,32.0,0,32.0,32.0,32.0,0,32.0,32.0,32.0,0,32.0,32.0,32.0,0,32.0,32.0,0,0,0,0,0,0,0,0,0,0,0,0,0,0,0.0,0,0,0,0,0,0,0,0,0,0,0,0,0,0,0,0,0,0,0,0,0,0,0,0,0,0,0,0.0,0
"Friday, May 19, 2023 11:05 AM EDT",1019,1013,73.9,54,86.2,63,72.1,92.6,86.2,92.6,84,4.9,4.9,5.6,0.00,0.00,0.00,9,960.73,32.0,0,32.0,32.0,32.0,0,32.0,32.0,32.0,0,32.0,32.0,32.0,0,32.0,32.0,32.0,0,32.0,32.0,32.0,0,32.0,32.0,32.0,0,32.0,32.0,0,0,0,0,0,0,0,0,0,0,0,0,0,0,0.0,0,0,0,0,0,0,0,0,0,0,0,0,0,0,0,0,0,0,0,0,0,0,0,0,0,0,0,0.0,0
"Friday, May 19, 2023 11:10 AM EDT",1018,1013,74.1,54,87.1,62,72.5,94.1,87.1,94.1,84,1.8,1.8,1.8,0.00,0.00,0.00,9,882.84,32.0,0,32.0,32.0,32.0,0,32.0,32.0,32.0,0,32.0,32.0,32.0,0,32.0,32.0,32.0,0,32.0,32.0,32.0,0,32.0,32.0,32.0,0,32.0,32.0,0,0,0,0,0,0,0,0,0,0,0,0,0,0,0.0,0,0,0,0,0,0,0,0,0,0,0,0,0,0,0,0,0,0,0,0,0,0,0,0,0,0,0,0.0,0
"Friday, May 19, 2023 11:15 AM EDT",1019,1013,74.7,53,86.7,64,73.1,94.1,86.7,94.1,60,2.0,2.0,2.0,0.00,0.00,0.00,10,953.62,32.0,0,32.0,32.0,32.0,0,32.0,32.0,32.0,0,32.0,32.0,32.0,0,32.0,32.0,32.0,0,32.0,32.0,32.0,0,32.0,32.0,32.0,0,32.0,32.0,0,0,0,0,0,0,0,0,0,0,0,0,0,0,0.0,0,0,0,0,0,0,0,0,0,0,0,0,0,0,0,0,0,0,0,0,0,0,0,0,0,0,0,0.0,0
"Friday, May 19, 2023 11:20 AM EDT",1019,1013,74.7,53,86.5,65,73.4,94.2,86.5,94.2,78,3.4,3.4,3.6,0.00,0.00,0.00,10,976.77,32.0,0,32.0,32.0,32.0,0,32.0,32.0,32.0,0,32.0,32.0,32.0,0,32.0,32.0,32.0,0,32.0,32.0,32.0,0,32.0,32.0,32.0,0,32.0,32.0,0,0,0,0,0,0,0,0,0,0,0,0,0,0,0.0,0,0,0,0,0,0,0,0,0,0,0,0,0,0,0,0,0,0,0,0,0,0,0,0,0,0,0,0.0,0
"Friday, May 19, 2023 11:25 AM EDT",1019,1013,74.1,52,87.1,63,73.0,94.5,87.1,94.5,48,4.3,4.3,4.5,0.00,0.00,0.00,9,971.24,32.0,0,32.0,32.0,32.0,0,32.0,32.0,32.0,0,32.0,32.0,32.0,0,32.0,32.0,32.0,0,32.0,32.0,32.0,0,32.0,32.0,32.0,0,32.0,32.0,0,0,0,0,0,0,0,0,0,0,0,0,0,0,0.0,0,0,0,0,0,0,0,0,0,0,0,0,0,0,0,0,0,0,0,0,0,0,0,0,0,0,0,0.0,0
"Friday, May 19, 2023 11:30 AM EDT",1019,1013,74.1,53,87.8,59,71.7,94.3,87.8,94.3,126,2.5,2.5,2.5,0.00,0.00,0.00,9,961.13,32.0,0,32.0,32.0,32.0,0,32.0,32.0,32.0,0,32.0,32.0,32.0,0,32.0,32.0,32.0,0,32.0,32.0,32.0,0,32.0,32.0,32.0,0,32.0,32.0,0,0,0,0,0,0,0,0,0,0,0,0,0,0,0.0,0,0,0,0,0,0,0,0,0,0,0,0,0,0,0,0,0,0,0,0,0,0,0,0,0,0,0,0.0,0
"Friday, May 19, 2023 11:35 AM EDT",1019,1013,74.7,53,87.1,59,71.0,92.8,87.1,92.8,84,5.6,5.6,6.0,0.00,0.00,0.00,10,946.59,32.0,0,32.0,32.0,32.0,0,32.0,32.0,32.0,0,32.0,32.0,32.0,0,32.0,32.0,32.0,0,32.0,32.0,32.0,0,32.0,32.0,32.0,0,32.0,32.0,0,0,0,0,0,0,0,0,0,0,0,0,0,0,0.0,0,0,0,0,0,0,0,0,0,0,0,0,0,0,0,0,0,0,0,0,0,0,0,0,0,0,0,0.0,0
"Friday, May 19, 2023 11:40 AM EDT",1019,1013,74.7,52,86.4,60,70.8,91.8,86.4,91.8,102,4.7,4.7,5.1,0.00,0.00,0.00,10,947.62,32.0,0,32.0,32.0,32.0,0,32.0,32.0,32.0,0,32.0,32.0,32.0,0,32.0,32.0,32.0,0,32.0,32.0,32.0,0,32.0,32.0,32.0,0,32.0,32.0,0,0,0,0,0,0,0,0,0,0,0,0,0,0,0.0,0,0,0,0,0,0,0,0,0,0,0,0,0,0,0,0,0,0,0,0,0,0,0,0,0,0,0,0.0,0
"Friday, May 19, 2023 11:45 AM EDT",1019,1013,74.1,52,86.9,59,70.9,92.5,86.9,92.5,96,3.4,3.4,3.6,0.00,0.00,0.00,8,941.45,32.0,0,32.0,32.0,32.0,0,32.0,32.0,32.0,0,32.0,32.0,32.0,0,32.0,32.0,32.0,0,32.0,32.0,32.0,0,32.0,32.0,32.0,0,32.0,32.0,0,0,0,0,0,0,0,0,0,0,0,0,0,0,0.0,0,0,0,0,0,0,0,0,0,0,0,0,0,0,0,0,0,0,0,0,0,0,0,0,0,0,0,0.0,0
"Friday, May 19, 2023 11:50 AM EDT",1019,1013,74.3,52,86.7,63,72.6,93.7,86.7,93.7,102,2.0,2.0,2.0,0.00,0.00,0.00,10,960.34,32.0,0,32.0,32.0,32.0,0,32.0,32.0,32.0,0,32.0,32.0,32.0,0,32.0,32.0,32.0,0,32.0,32.0,32.0,0,32.0,32.0,32.0,0,32.0,32.0,0,0,0,0,0,0,0,0,0,0,0,0,0,0,0.0,0,0,0,0,0,0,0,0,0,0,0,0,0,0,0,0,0,0,0,0,0,0,0,0,0,0,0,0.0,0
"Friday, May 19, 2023 11:55 AM EDT",1019,1013,74.8,53,86.4,64,72.8,93.4,86.4,93.4,36,2.9,2.9,2.9,0.00,0.00,0.00,11,962.47,32.0,0,32.0,32.0,32.0,0,32.0,32.0,32.0,0,32.0,32.0,32.0,0,32.0,32.0,32.0,0,32.0,32.0,32.0,0,32.0,32.0,32.0,0,32.0,32.0,0,0,0,0,0,0,0,0,0,0,0,0,0,0,0.0,0,0,0,0,0,0,0,0,0,0,0,0,0,0,0,0,0,0,0,0,0,0,0,0,0,0,0,0.0,0
"Friday, May 19, 2023 12:00 PM EDT",1019,1013,74.7,53,87.1,61,72.0,93.6,87.1,93.6,144,2.9,2.9,2.9,0.00,0.00,0.00,10,983.56,32.0,0,32.0,32.0,32.0,0,32.0,32.0,32.0,0,32.0,32.0,32.0,0,32.0,32.0,32.0,0,32.0,32.0,32.0,0,32.0,32.0,32.0,0,32.0,32.0,0,0,0,0,0,0,0,0,0,0,0,0,0,0,0.0,0,0,0,0,0,0,0,0,0,0,0,0,0,0,0,0,0,0,0,0,0,0,0,0,0,0,0,0.0,0
"Friday, May 19, 2023 12:05 PM EDT",1019,1013,74.1,53,86.0,65,72.9,93.0,86.0,93.0,114,3.8,3.8,4.3,0.00,0.00,0.00,11,996.20,32.0,0,32.0,32.0,32.0,0,32.0,32.0,32.0,0,32.0,32.0,32.0,0,32.0,32.0,32.0,0,32.0,32.0,32.0,0,32.0,32.0,32.0,0,32.0,32.0,0,0,0,0,0,0,0,0,0,0,0,0,0,0,0.0,0,0,0,0,0,0,0,0,0,0,0,0,0,0,0,0,0,0,0,0,0,0,0,0,0,0,0,0.0,0
"Friday, May 19, 2023 12:10 PM EDT",1019,1013,74.3,53,86.0,65,72.9,93.0,86.0,93.0,18,3.4,3.4,3.8,0.00,0.00,0.00,10,1018.40,32.0,0,32.0,32.0,32.0,0,32.0,32.0,32.0,0,32.0,32.0,32.0,0,32.0,32.0,32.0,0,32.0,32.0,32.0,0,32.0,32.0,32.0,0,32.0,32.0,0,0,0,0,0,0,0,0,0,0,0,0,0,0,0.0,0,0,0,0,0,0,0,0,0,0,0,0,0,0,0,0,0,0,0,0,0,0,0,0,0,0,0,0.0,0
"Friday, May 19, 2023 12:15 PM EDT",1019,1013,74.8,54,86.5,62,72.0,92.9,86.5,92.9,54,2.7,2.7,2.7,0.00,0.00,0.00,10,1039.97,32.0,0,32.0,32.0,32.0,0,32.0,32.0,32.0,0,32.0,32.0,32.0,0,32.0,32.0,32.0,0,32.0,32.0,32.0,0,32.0,32.0,32.0,0,32.0,32.0,0,0,0,0,0,0,0,0,0,0,0,0,0,0,0.0,0,0,0,0,0,0,0,0,0,0,0,0,0,0,0,0,0,0,0,0,0,0,0,0,0,0,0,0.0,0